zaman,sehir,tur,hedef_saat,kalan_dk,olasilik,durum
2026-09-23T11:48:35.384Z,Istanbul,rain,2026-09-23T12:00:00Z,11,0.4,bekleniyor
2026-09-23T11:48:35.421Z,Ankara,,,,,beklenmiyor
2026-09-23T11:48:35.460Z,Izmir,,,,,beklenmiyor
2026-09-23T11:48:35.529Z,Antalya,,,,,beklenmiyor
2026-09-23T11:48:35.564Z,Rize,rain,2026-09-23T20:00:00Z,491,0.34,bekleniyor
2026-09-23T12:18:20.598Z,Istanbul,rain,2026-09-23T13:00:00Z,42,0.3,bekleniyor
2026-09-23T12:18:20.646Z,Ankara,,,,,beklenmiyor
2026-09-23T12:18:20.666Z,Izmir,,,,,beklenmiyor
2026-09-23T12:18:20.711Z,Antalya,,,,,beklenmiyor
2026-09-23T12:18:20.749Z,Rize,rain,2026-09-23T20:00:00Z,462,0.34,bekleniyor
2026-09-23T12:46:22.447Z,Istanbul,rain,2026-09-23T13:00:00Z,14,0.3,bekleniyor
2026-09-23T12:46:22.529Z,Ankara,,,,,beklenmiyor
2026-09-23T12:46:22.595Z,Izmir,,,,,beklenmiyor
2026-09-23T12:46:22.651Z,Antalya,,,,,beklenmiyor
2026-09-23T12:46:22.707Z,Rize,rain,2026-09-23T20:00:00Z,434,0.34,bekleniyor
2026-09-23T13:15:32.219Z,Istanbul,,,,,beklenmiyor
2026-09-23T13:15:32.339Z,Ankara,,,,,beklenmiyor
2026-09-23T13:15:32.449Z,Izmir,,,,,beklenmiyor
2026-09-23T13:15:32.525Z,Antalya,,,,,beklenmiyor
2026-09-23T13:15:32.605Z,Rize,rain,2026-09-23T20:00:00Z,404,0.33,bekleniyor
2026-09-23T13:43:13.776Z,Istanbul,,,,,beklenmiyor
2026-09-23T13:43:13.871Z,Ankara,,,,,beklenmiyor
2026-09-23T13:43:13.917Z,Izmir,,,,,beklenmiyor
2026-09-23T13:43:13.997Z,Antalya,,,,,beklenmiyor
2026-09-23T13:43:14.042Z,Rize,rain,2026-09-23T20:00:00Z,377,0.33,bekleniyor
2026-09-23T13:56:06.600Z,Istanbul,,,,,beklenmiyor
2026-09-23T13:56:06.648Z,Ankara,,,,,beklenmiyor
2026-09-23T13:56:06.675Z,Izmir,,,,,beklenmiyor
2026-09-23T13:56:06.692Z,Antalya,,,,,beklenmiyor
2026-09-23T13:56:06.749Z,Rize,rain,2026-09-23T20:00:00Z,364,0.33,bekleniyor
2026-09-23T14:16:29.203Z,Istanbul,,,,,beklenmiyor
2026-09-23T14:16:29.264Z,Ankara,,,,,beklenmiyor
2026-09-23T14:16:29.314Z,Izmir,,,,,beklenmiyor
2026-09-23T14:16:29.353Z,Antalya,,,,,beklenmiyor
2026-09-23T14:16:29.391Z,Rize,rain,2026-09-23T20:00:00Z,344,0.33,bekleniyor
2026-09-23T14:43:28.386Z,Istanbul,,,,,beklenmiyor
2026-09-23T14:43:28.436Z,Ankara,,,,,beklenmiyor
2026-09-23T14:43:28.494Z,Izmir,,,,,beklenmiyor
2026-09-23T14:43:28.549Z,Antalya,,,,,beklenmiyor
2026-09-23T14:43:28.607Z,Rize,rain,2026-09-23T20:00:00Z,317,0.33,bekleniyor
2026-09-23T14:58:24.034Z,Istanbul,,,,,beklenmiyor
2026-09-23T14:58:24.083Z,Ankara,,,,,beklenmiyor
2026-09-23T14:58:24.110Z,Izmir,,,,,beklenmiyor
2026-09-23T14:58:24.133Z,Antalya,,,,,beklenmiyor
2026-09-23T14:58:24.159Z,Rize,rain,2026-09-23T20:00:00Z,302,0.33,bekleniyor
2026-09-23T15:18:38.970Z,Istanbul,,,,,beklenmiyor
2026-09-23T15:18:39.034Z,Ankara,,,,,beklenmiyor
2026-09-23T15:18:39.095Z,Izmir,,,,,beklenmiyor
2026-09-23T15:18:39.144Z,Antalya,,,,,beklenmiyor
2026-09-23T15:18:39.185Z,Rize,rain,2026-09-23T20:00:00Z,281,0.33,bekleniyor
2026-09-23T15:42:51.634Z,Istanbul,,,,,beklenmiyor
2026-09-23T15:42:51.718Z,Ankara,,,,,beklenmiyor
2026-09-23T15:42:51.839Z,Izmir,,,,,beklenmiyor
2026-09-23T15:42:51.916Z,Antalya,,,,,beklenmiyor
2026-09-23T15:42:51.996Z,Rize,rain,2026-09-23T20:00:00Z,257,0.33,bekleniyor
2026-09-23T15:55:51.758Z,Istanbul,,,,,beklenmiyor
2026-09-23T15:55:51.845Z,Ankara,,,,,beklenmiyor
2026-09-23T15:55:51.939Z,Izmir,,,,,beklenmiyor
2026-09-23T15:55:52.058Z,Antalya,,,,,beklenmiyor
2026-09-23T15:55:52.135Z,Rize,rain,2026-09-23T20:00:00Z,244,0.33,bekleniyor
2026-09-23T16:16:52.277Z,Istanbul,,,,,beklenmiyor
2026-09-23T16:16:52.338Z,Ankara,,,,,beklenmiyor
2026-09-23T16:16:52.361Z,Izmir,,,,,beklenmiyor
2026-09-23T16:16:52.379Z,Antalya,,,,,beklenmiyor
2026-09-23T16:16:52.406Z,Rize,rain,2026-09-23T20:00:00Z,223,0.33,bekleniyor
2026-09-23T16:43:01.373Z,Istanbul,,,,,beklenmiyor
2026-09-23T16:43:01.401Z,Ankara,,,,,beklenmiyor
2026-09-23T16:43:01.465Z,Izmir,,,,,beklenmiyor
2026-09-23T16:43:01.517Z,Antalya,,,,,beklenmiyor
2026-09-23T16:43:01.535Z,Rize,rain,2026-09-23T20:00:00Z,197,0.33,bekleniyor
2026-09-23T16:56:21.008Z,Istanbul,,,,,beklenmiyor
2026-09-23T16:56:21.067Z,Ankara,,,,,beklenmiyor
2026-09-23T16:56:21.122Z,Izmir,,,,,beklenmiyor
2026-09-23T16:56:21.191Z,Antalya,,,,,beklenmiyor
2026-09-23T16:56:21.277Z,Rize,rain,2026-09-23T20:00:00Z,184,0.33,bekleniyor
2026-09-23T17:16:18.895Z,Istanbul,,,,,beklenmiyor
2026-09-23T17:16:19.003Z,Ankara,,,,,beklenmiyor
2026-09-23T17:16:19.086Z,Izmir,,,,,beklenmiyor
2026-09-23T17:16:19.156Z,Antalya,,,,,beklenmiyor
2026-09-23T17:16:19.257Z,Rize,rain,2026-09-23T21:00:00Z,224,0.4,bekleniyor
2026-09-23T17:40:38.537Z,Istanbul,,,,,beklenmiyor
2026-09-23T17:40:38.573Z,Ankara,,,,,beklenmiyor
2026-09-23T17:40:38.592Z,Izmir,,,,,beklenmiyor
2026-09-23T17:40:38.631Z,Antalya,,,,,beklenmiyor
2026-09-23T17:40:38.653Z,Rize,rain,2026-09-23T21:00:00Z,199,0.4,bekleniyor
2026-09-23T17:52:45.251Z,Istanbul,,,,,beklenmiyor
2026-09-23T17:52:45.345Z,Ankara,,,,,beklenmiyor
2026-09-23T17:52:45.399Z,Izmir,,,,,beklenmiyor
2026-09-23T17:52:45.495Z,Antalya,,,,,beklenmiyor
2026-09-23T17:52:45.551Z,Rize,rain,2026-09-23T21:00:00Z,187,0.4,bekleniyor
2026-09-23T18:17:10.050Z,Istanbul,,,,,beklenmiyor
2026-09-23T18:17:10.100Z,Ankara,,,,,beklenmiyor
2026-09-23T18:17:10.119Z,Izmir,,,,,beklenmiyor
2026-09-23T18:17:10.139Z,Antalya,,,,,beklenmiyor
2026-09-23T18:17:10.167Z,Rize,rain,2026-09-23T21:00:00Z,163,0.4,bekleniyor
2026-09-23T18:43:43.507Z,Istanbul,,,,,beklenmiyor
2026-09-23T18:43:43.586Z,Ankara,,,,,beklenmiyor
2026-09-23T18:43:43.626Z,Izmir,,,,,beklenmiyor
2026-09-23T18:43:43.706Z,Antalya,,,,,beklenmiyor
2026-09-23T18:43:43.746Z,Rize,rain,2026-09-23T21:00:00Z,136,0.4,bekleniyor
2026-09-23T18:57:15.923Z,Istanbul,,,,,beklenmiyor
2026-09-23T18:57:16.035Z,Ankara,,,,,beklenmiyor
2026-09-23T18:57:16.057Z,Izmir,,,,,beklenmiyor
2026-09-23T18:57:16.081Z,Antalya,,,,,beklenmiyor
2026-09-23T18:57:16.113Z,Rize,rain,2026-09-23T21:00:00Z,123,0.4,bekleniyor
2026-09-23T19:15:56.219Z,Istanbul,,,,,beklenmiyor
2026-09-23T19:15:56.309Z,Ankara,,,,,beklenmiyor
2026-09-23T19:15:56.393Z,Izmir,,,,,beklenmiyor
2026-09-23T19:15:56.432Z,Antalya,,,,,beklenmiyor
2026-09-23T19:15:56.469Z,Rize,rain,2026-09-23T21:00:00Z,104,0.4,bekleniyor
2026-09-23T19:41:08.595Z,Istanbul,,,,,beklenmiyor
2026-09-23T19:41:08.685Z,Ankara,,,,,beklenmiyor
2026-09-23T19:41:08.759Z,Izmir,,,,,beklenmiyor
2026-09-23T19:41:08.844Z,Antalya,,,,,beklenmiyor
2026-09-23T19:41:08.926Z,Rize,rain,2026-09-23T21:00:00Z,79,0.4,bekleniyor
2026-09-23T19:54:17.130Z,Istanbul,,,,,beklenmiyor
2026-09-23T19:54:17.175Z,Ankara,,,,,beklenmiyor
2026-09-23T19:54:17.205Z,Izmir,,,,,beklenmiyor
2026-09-23T19:54:17.275Z,Antalya,,,,,beklenmiyor
2026-09-23T19:54:17.295Z,Rize,rain,2026-09-23T21:00:00Z,66,0.4,bekleniyor
2026-09-23T20:14:47.867Z,Istanbul,,,,,beklenmiyor
2026-09-23T20:14:47.913Z,Ankara,,,,,beklenmiyor
2026-09-23T20:14:48.009Z,Izmir,,,,,beklenmiyor
2026-09-23T20:14:48.103Z,Antalya,,,,,beklenmiyor
2026-09-23T20:14:48.159Z,Rize,rain,2026-09-23T21:00:00Z,45,0.4,bekleniyor
2026-09-23T20:32:00.561Z,Istanbul,,,,,beklenmiyor
2026-09-23T20:32:00.651Z,Ankara,,,,,beklenmiyor
2026-09-23T20:32:00.693Z,Izmir,,,,,beklenmiyor
2026-09-23T20:32:00.712Z,Antalya,,,,,beklenmiyor
2026-09-23T20:32:00.752Z,Rize,rain,2026-09-23T21:00:00Z,28,0.4,bekleniyor
2026-09-23T20:52:31.102Z,Istanbul,,,,,beklenmiyor
2026-09-23T20:52:31.184Z,Ankara,,,,,beklenmiyor
2026-09-23T20:52:31.250Z,Izmir,,,,,beklenmiyor
2026-09-23T20:52:31.323Z,Antalya,,,,,beklenmiyor
2026-09-23T20:52:31.388Z,Rize,rain,2026-09-23T21:00:00Z,7,0.4,bekleniyor
2026-09-23T21:13:57.528Z,Istanbul,,,,,beklenmiyor
2026-09-23T21:13:57.624Z,Ankara,,,,,beklenmiyor
2026-09-23T21:13:57.671Z,Izmir,,,,,beklenmiyor
2026-09-23T21:13:57.756Z,Antalya,,,,,beklenmiyor
2026-09-23T21:13:57.798Z,Rize,rain,2026-09-23T22:00:00Z,46,0.42,bekleniyor
2026-09-23T21:30:30.159Z,Istanbul,,,,,beklenmiyor
2026-09-23T21:30:30.253Z,Ankara,,,,,beklenmiyor
2026-09-23T21:30:30.307Z,Izmir,,,,,beklenmiyor
2026-09-23T21:30:30.390Z,Antalya,,,,,beklenmiyor
2026-09-23T21:30:30.437Z,Rize,rain,2026-09-23T22:00:00Z,29,0.42,bekleniyor
2026-09-23T21:52:04.291Z,Istanbul,,,,,beklenmiyor
2026-09-23T21:52:04.420Z,Ankara,,,,,beklenmiyor
2026-09-23T21:52:04.552Z,Izmir,,,,,beklenmiyor
2026-09-23T21:52:04.665Z,Antalya,,,,,beklenmiyor
2026-09-23T21:52:04.748Z,Rize,rain,2026-09-23T22:00:00Z,8,0.42,bekleniyor
2026-09-23T22:13:41.956Z,Istanbul,,,,,beklenmiyor
2026-09-23T22:13:42.114Z,Ankara,,,,,beklenmiyor
2026-09-23T22:13:42.211Z,Izmir,,,,,beklenmiyor
2026-09-23T22:13:42.335Z,Antalya,,,,,beklenmiyor
2026-09-23T22:13:42.463Z,Rize,rain,2026-09-23T23:00:00Z,46,0.48,bekleniyor
2026-09-23T22:29:30.057Z,Istanbul,,,,,beklenmiyor
2026-09-23T22:29:30.488Z,Ankara,,,,,beklenmiyor
2026-09-23T22:29:30.531Z,Izmir,,,,,beklenmiyor
2026-09-23T22:29:30.554Z,Antalya,,,,,beklenmiyor
2026-09-23T22:29:30.579Z,Rize,rain,2026-09-23T23:00:00Z,30,0.48,bekleniyor
2026-09-23T22:44:15.267Z,Istanbul,,,,,beklenmiyor
2026-09-23T22:44:15.311Z,Ankara,,,,,beklenmiyor
2026-09-23T22:44:15.374Z,Izmir,,,,,beklenmiyor
2026-09-23T22:44:15.414Z,Antalya,,,,,beklenmiyor
2026-09-23T22:44:15.453Z,Rize,rain,2026-09-23T23:00:00Z,16,0.48,bekleniyor
2026-09-23T22:56:06.711Z,Istanbul,,,,,beklenmiyor
2026-09-23T22:56:06.731Z,Ankara,,,,,beklenmiyor
2026-09-23T22:56:06.774Z,Izmir,,,,,beklenmiyor
2026-09-23T22:56:06.793Z,Antalya,,,,,beklenmiyor
2026-09-23T22:56:06.814Z,Rize,rain,2026-09-23T23:00:00Z,4,0.48,bekleniyor
2026-09-23T23:12:34.146Z,Istanbul,,,,,beklenmiyor
2026-09-23T23:12:34.200Z,Ankara,,,,,beklenmiyor
2026-09-23T23:12:34.218Z,Izmir,,,,,beklenmiyor
2026-09-23T23:12:34.267Z,Antalya,,,,,beklenmiyor
2026-09-23T23:12:34.287Z,Rize,rain,2026-09-24T00:00:00Z,47,0.52,bekleniyor
2026-09-23T23:26:25.006Z,Istanbul,,,,,beklenmiyor
2026-09-23T23:26:25.059Z,Ankara,,,,,beklenmiyor
2026-09-23T23:26:25.114Z,Izmir,,,,,beklenmiyor
2026-09-23T23:26:25.166Z,Antalya,,,,,beklenmiyor
2026-09-23T23:26:25.208Z,Rize,rain,2026-09-24T00:00:00Z,34,0.41,bekleniyor
2026-09-23T23:40:53.636Z,Istanbul,,,,,beklenmiyor
2026-09-23T23:40:53.691Z,Ankara,,,,,beklenmiyor
2026-09-23T23:40:53.744Z,Izmir,,,,,beklenmiyor
2026-09-23T23:40:53.767Z,Antalya,,,,,beklenmiyor
2026-09-23T23:40:53.802Z,Rize,rain,2026-09-24T00:00:00Z,19,0.41,bekleniyor
2026-09-23T23:52:32.527Z,Istanbul,,,,,beklenmiyor
2026-09-23T23:52:32.600Z,Ankara,,,,,beklenmiyor
2026-09-23T23:52:32.648Z,Izmir,,,,,beklenmiyor
2026-09-23T23:52:32.744Z,Antalya,,,,,beklenmiyor
2026-09-23T23:52:32.806Z,Rize,rain,2026-09-24T00:00:00Z,7,0.41,bekleniyor
2026-09-24T00:18:40.095Z,Istanbul,,,,,beklenmiyor
2026-09-24T00:18:40.188Z,Ankara,,,,,beklenmiyor
2026-09-24T00:18:40.298Z,Izmir,,,,,beklenmiyor
2026-09-24T00:18:40.346Z,Antalya,,,,,beklenmiyor
2026-09-24T00:18:40.391Z,Rize,rain,2026-09-24T01:00:00Z,41,0.53,bekleniyor
2026-09-24T00:46:18.257Z,Istanbul,,,,,beklenmiyor
2026-09-24T00:46:18.315Z,Ankara,,,,,beklenmiyor
2026-09-24T00:46:18.336Z,Izmir,,,,,beklenmiyor
2026-09-24T00:46:18.396Z,Antalya,,,,,beklenmiyor
2026-09-24T00:46:18.431Z,Rize,rain,2026-09-24T01:00:00Z,14,0.53,bekleniyor
2026-09-24T01:12:46.634Z,Istanbul,,,,,beklenmiyor
2026-09-24T01:12:46.756Z,Ankara,,,,,beklenmiyor
2026-09-24T01:12:46.821Z,Izmir,,,,,beklenmiyor
2026-09-24T01:12:46.918Z,Antalya,,,,,beklenmiyor
2026-09-24T01:12:46.984Z,Rize,rain,2026-09-24T02:00:00Z,47,0.59,bekleniyor
2026-09-24T01:29:32.076Z,Istanbul,,,,,beklenmiyor
2026-09-24T01:29:32.173Z,Ankara,,,,,beklenmiyor
2026-09-24T01:29:32.345Z,Izmir,,,,,beklenmiyor
2026-09-24T01:29:32.388Z,Antalya,,,,,beklenmiyor
2026-09-24T01:29:32.428Z,Rize,rain,2026-09-24T02:00:00Z,30,0.59,bekleniyor
2026-09-24T01:45:32.728Z,Istanbul,,,,,beklenmiyor
2026-09-24T01:45:32.789Z,Ankara,,,,,beklenmiyor
2026-09-24T01:45:32.892Z,Izmir,,,,,beklenmiyor
2026-09-24T01:45:32.947Z,Antalya,,,,,beklenmiyor
2026-09-24T01:45:33.006Z,Rize,rain,2026-09-24T02:00:00Z,14,0.59,bekleniyor
2026-09-24T02:13:38.662Z,Istanbul,,,,,beklenmiyor
2026-09-24T02:13:38.731Z,Ankara,,,,,beklenmiyor
2026-09-24T02:13:38.776Z,Izmir,,,,,beklenmiyor
2026-09-24T02:13:38.799Z,Antalya,,,,,beklenmiyor
2026-09-24T02:13:38.867Z,Rize,rain,2026-09-24T03:00:00Z,46,0.62,bekleniyor
2026-09-24T02:31:24.090Z,Istanbul,,,,,beklenmiyor
2026-09-24T02:31:24.143Z,Ankara,,,,,beklenmiyor
2026-09-24T02:31:24.197Z,Izmir,,,,,beklenmiyor
2026-09-24T02:31:24.240Z,Antalya,,,,,beklenmiyor
2026-09-24T02:31:24.304Z,Rize,rain,2026-09-24T03:00:00Z,29,0.62,bekleniyor
2026-09-24T02:54:10.473Z,Istanbul,,,,,beklenmiyor
2026-09-24T02:54:10.553Z,Ankara,,,,,beklenmiyor
2026-09-24T02:54:10.636Z,Izmir,,,,,beklenmiyor
2026-09-24T02:54:10.716Z,Antalya,,,,,beklenmiyor
2026-09-24T02:54:10.835Z,Rize,rain,2026-09-24T03:00:00Z,6,0.62,bekleniyor
2026-09-24T03:14:14.736Z,Istanbul,,,,,beklenmiyor
2026-09-24T03:14:14.768Z,Ankara,,,,,beklenmiyor
2026-09-24T03:14:14.842Z,Izmir,,,,,beklenmiyor
2026-09-24T03:14:14.866Z,Antalya,,,,,beklenmiyor
2026-09-24T03:14:14.901Z,Rize,rain,2026-09-24T04:00:00Z,46,0.63,bekleniyor
2026-09-24T03:31:37.626Z,Istanbul,,,,,beklenmiyor
2026-09-24T03:31:37.689Z,Ankara,,,,,beklenmiyor
2026-09-24T03:31:37.716Z,Izmir,,,,,beklenmiyor
2026-09-24T03:31:37.740Z,Antalya,,,,,beklenmiyor
2026-09-24T03:31:37.776Z,Rize,rain,2026-09-24T04:00:00Z,28,0.63,bekleniyor
2026-09-24T03:54:31.016Z,Istanbul,,,,,beklenmiyor
2026-09-24T03:54:31.075Z,Ankara,,,,,beklenmiyor
2026-09-24T03:54:31.131Z,Izmir,,,,,beklenmiyor
2026-09-24T03:54:31.180Z,Antalya,,,,,beklenmiyor
2026-09-24T03:54:31.268Z,Rize,rain,2026-09-24T04:00:00Z,5,0.63,bekleniyor
2026-09-24T04:13:51.648Z,Istanbul,,,,,beklenmiyor
2026-09-24T04:13:51.742Z,Ankara,,,,,beklenmiyor
2026-09-24T04:13:51.838Z,Izmir,,,,,beklenmiyor
2026-09-24T04:13:51.902Z,Antalya,,,,,beklenmiyor
2026-09-24T04:13:51.970Z,Rize,rain,2026-09-24T05:00:00Z,46,0.68,bekleniyor
2026-09-24T04:32:05.358Z,Istanbul,,,,,beklenmiyor
2026-09-24T04:32:05.383Z,Ankara,,,,,beklenmiyor
2026-09-24T04:32:05.452Z,Izmir,,,,,beklenmiyor
2026-09-24T04:32:05.479Z,Antalya,,,,,beklenmiyor
2026-09-24T04:32:05.505Z,Rize,rain,2026-09-24T05:00:00Z,28,0.68,bekleniyor
2026-09-24T04:54:30.916Z,Istanbul,,,,,beklenmiyor
2026-09-24T04:54:30.974Z,Ankara,,,,,beklenmiyor
2026-09-24T04:54:31.045Z,Izmir,,,,,beklenmiyor
2026-09-24T04:54:31.085Z,Antalya,,,,,beklenmiyor
2026-09-24T04:54:31.132Z,Rize,rain,2026-09-24T05:00:00Z,5,0.68,bekleniyor
2026-09-24T05:13:08.280Z,Istanbul,,,,,beklenmiyor
2026-09-24T05:13:08.368Z,Ankara,,,,,beklenmiyor
2026-09-24T05:13:08.434Z,Izmir,,,,,beklenmiyor
2026-09-24T05:13:08.498Z,Antalya,,,,,beklenmiyor
2026-09-24T05:13:08.572Z,Rize,rain,2026-09-24T06:00:00Z,47,0.62,bekleniyor
2026-09-24T05:29:51.589Z,Istanbul,,,,,beklenmiyor
2026-09-24T05:29:51.723Z,Ankara,,,,,beklenmiyor
2026-09-24T05:29:51.842Z,Izmir,,,,,beklenmiyor
2026-09-24T05:29:51.923Z,Antalya,,,,,beklenmiyor
2026-09-24T05:29:52.000Z,Rize,rain,2026-09-24T06:00:00Z,30,0.62,bekleniyor
2026-09-24T05:45:44.832Z,Istanbul,,,,,beklenmiyor
2026-09-24T05:45:44.872Z,Ankara,,,,,beklenmiyor
2026-09-24T05:45:44.918Z,Izmir,,,,,beklenmiyor
2026-09-24T05:45:44.959Z,Antalya,,,,,beklenmiyor
2026-09-24T05:45:44.994Z,Rize,rain,2026-09-24T06:00:00Z,14,0.62,bekleniyor
2026-09-24T06:17:59.611Z,Istanbul,,,,,beklenmiyor
2026-09-24T06:17:59.674Z,Ankara,,,,,beklenmiyor
2026-09-24T06:17:59.759Z,Izmir,,,,,beklenmiyor
2026-09-24T06:17:59.812Z,Antalya,,,,,beklenmiyor
2026-09-24T06:17:59.840Z,Rize,rain,2026-09-24T07:00:00Z,42,0.61,bekleniyor
2026-09-24T06:46:48.477Z,Istanbul,,,,,beklenmiyor
2026-09-24T06:46:48.536Z,Ankara,,,,,beklenmiyor
2026-09-24T06:46:48.586Z,Izmir,,,,,beklenmiyor
2026-09-24T06:46:48.631Z,Antalya,,,,,beklenmiyor
2026-09-24T06:46:48.667Z,Rize,rain,2026-09-24T07:00:00Z,13,0.61,bekleniyor
2026-09-24T07:14:45.606Z,Istanbul,,,,,beklenmiyor
2026-09-24T07:14:45.665Z,Ankara,,,,,beklenmiyor
2026-09-24T07:14:45.719Z,Izmir,,,,,beklenmiyor
2026-09-24T07:14:45.816Z,Antalya,,,,,beklenmiyor
2026-09-24T07:14:45.870Z,Rize,rain,2026-09-24T08:00:00Z,45,0.58,bekleniyor
2026-09-24T07:32:32.473Z,Istanbul,,,,,beklenmiyor
2026-09-24T07:32:32.532Z,Ankara,,,,,beklenmiyor
2026-09-24T07:32:32.589Z,Izmir,,,,,beklenmiyor
2026-09-24T07:32:32.644Z,Antalya,,,,,beklenmiyor
2026-09-24T07:32:32.694Z,Rize,rain,2026-09-24T08:00:00Z,27,0.58,bekleniyor
2026-09-24T07:54:35.350Z,Istanbul,,,,,beklenmiyor
2026-09-24T07:54:35.421Z,Ankara,,,,,beklenmiyor
2026-09-24T07:54:35.475Z,Izmir,,,,,beklenmiyor
2026-09-24T07:54:35.508Z,Antalya,,,,,beklenmiyor
2026-09-24T07:54:35.534Z,Rize,rain,2026-09-24T08:00:00Z,5,0.58,bekleniyor
2026-09-24T08:15:41.952Z,Istanbul,,,,,beklenmiyor
2026-09-24T08:15:42.006Z,Ankara,,,,,beklenmiyor
2026-09-24T08:15:42.078Z,Izmir,,,,,beklenmiyor
2026-09-24T08:15:42.140Z,Antalya,,,,,beklenmiyor
2026-09-24T08:15:42.194Z,Rize,rain,2026-09-24T09:00:00Z,44,0.58,bekleniyor
2026-09-24T08:43:32.806Z,Istanbul,,,,,beklenmiyor
2026-09-24T08:43:32.878Z,Ankara,,,,,beklenmiyor
2026-09-24T08:43:32.915Z,Izmir,,,,,beklenmiyor
2026-09-24T08:43:32.986Z,Antalya,,,,,beklenmiyor
2026-09-24T08:43:33.023Z,Rize,rain,2026-09-24T09:00:00Z,16,0.58,bekleniyor
2026-09-24T08:57:59.337Z,Istanbul,,,,,beklenmiyor
2026-09-24T08:57:59.383Z,Ankara,,,,,beklenmiyor
2026-09-24T08:57:59.412Z,Izmir,,,,,beklenmiyor
2026-09-24T08:57:59.453Z,Antalya,,,,,beklenmiyor
2026-09-24T08:57:59.473Z,Rize,rain,2026-09-24T09:00:00Z,2,0.58,bekleniyor
2026-09-24T09:19:40.661Z,Istanbul,,,,,beklenmiyor
2026-09-24T09:19:40.733Z,Ankara,,,,,beklenmiyor
2026-09-24T09:19:40.797Z,Izmir,,,,,beklenmiyor
2026-09-24T09:19:40.850Z,Antalya,,,,,beklenmiyor
2026-09-24T09:19:40.910Z,Rize,rain,2026-09-24T10:00:00Z,40,0.62,bekleniyor
2026-09-24T09:42:25.964Z,Istanbul,,,,,beklenmiyor
2026-09-24T09:42:26.009Z,Ankara,,,,,beklenmiyor
2026-09-24T09:42:26.059Z,Izmir,,,,,beklenmiyor
2026-09-24T09:42:26.101Z,Antalya,,,,,beklenmiyor
2026-09-24T09:42:26.143Z,Rize,rain,2026-09-24T10:00:00Z,18,0.62,bekleniyor
2026-09-24T09:56:08.281Z,Istanbul,,,,,beklenmiyor
2026-09-24T09:56:08.356Z,Ankara,,,,,beklenmiyor
2026-09-24T09:56:08.388Z,Izmir,,,,,beklenmiyor
2026-09-24T09:56:08.463Z,Antalya,,,,,beklenmiyor
2026-09-24T09:56:08.496Z,Rize,rain,2026-09-24T10:00:00Z,4,0.62,bekleniyor
2026-09-24T10:16:17.817Z,Istanbul,,,,,beklenmiyor
2026-09-24T10:16:18.237Z,Ankara,,,,,beklenmiyor
2026-09-24T10:16:18.323Z,Izmir,,,,,beklenmiyor
2026-09-24T10:16:18.406Z,Antalya,,,,,beklenmiyor
2026-09-24T10:16:18.520Z,Rize,rain,2026-09-24T11:00:00Z,44,0.62,bekleniyor
2026-09-24T10:42:15.886Z,Istanbul,,,,,beklenmiyor
2026-09-24T10:42:16.008Z,Ankara,,,,,beklenmiyor
2026-09-24T10:42:16.089Z,Izmir,,,,,beklenmiyor
2026-09-24T10:42:16.200Z,Antalya,,,,,beklenmiyor
2026-09-24T10:42:16.313Z,Rize,rain,2026-09-24T11:00:00Z,18,0.62,bekleniyor
2026-09-24T10:55:35.761Z,Istanbul,,,,,beklenmiyor
2026-09-24T10:55:35.812Z,Ankara,,,,,beklenmiyor
2026-09-24T10:55:35.838Z,Izmir,,,,,beklenmiyor
2026-09-24T10:55:35.862Z,Antalya,,,,,beklenmiyor
2026-09-24T10:55:35.884Z,Rize,rain,2026-09-24T11:00:00Z,4,0.62,bekleniyor
2026-09-24T11:14:42.261Z,Istanbul,,,,,beklenmiyor
2026-09-24T11:14:42.348Z,Ankara,,,,,beklenmiyor
2026-09-24T11:14:42.406Z,Izmir,,,,,beklenmiyor
2026-09-24T11:14:42.443Z,Antalya,,,,,beklenmiyor
2026-09-24T11:14:42.483Z,Rize,rain,2026-09-24T12:00:00Z,45,0.62,bekleniyor
2026-09-24T11:32:12.735Z,Istanbul,,,,,beklenmiyor
2026-09-24T11:32:12.811Z,Ankara,,,,,beklenmiyor
2026-09-24T11:32:12.874Z,Izmir,,,,,beklenmiyor
2026-09-24T11:32:12.952Z,Antalya,,,,,beklenmiyor
2026-09-24T11:32:13.016Z,Rize,rain,2026-09-24T12:00:00Z,28,0.62,bekleniyor
2026-09-24T11:54:01.125Z,Istanbul,,,,,beklenmiyor
2026-09-24T11:54:01.198Z,Ankara,,,,,beklenmiyor
2026-09-24T11:54:01.250Z,Izmir,,,,,beklenmiyor
2026-09-24T11:54:01.308Z,Antalya,,,,,beklenmiyor
2026-09-24T11:54:01.368Z,Rize,rain,2026-09-24T12:00:00Z,6,0.62,bekleniyor
2026-09-24T12:17:30.533Z,Istanbul,,,,,beklenmiyor
2026-09-24T12:17:30.615Z,Ankara,,,,,beklenmiyor
2026-09-24T12:17:30.671Z,Izmir,,,,,beklenmiyor
2026-09-24T12:17:30.738Z,Antalya,,,,,beklenmiyor
2026-09-24T12:17:30.793Z,Rize,rain,2026-09-24T13:00:00Z,42,0.63,bekleniyor
2026-09-24T12:47:07.126Z,Istanbul,,,,,beklenmiyor
2026-09-24T12:47:07.162Z,Ankara,,,,,beklenmiyor
2026-09-24T12:47:07.210Z,Izmir,,,,,beklenmiyor
2026-09-24T12:47:07.234Z,Antalya,,,,,beklenmiyor
2026-09-24T12:47:07.288Z,Rize,rain,2026-09-24T13:00:00Z,13,0.63,bekleniyor
2026-09-24T13:15:22.091Z,Istanbul,,,,,beklenmiyor
2026-09-24T13:15:22.114Z,Ankara,,,,,beklenmiyor
2026-09-24T13:15:22.146Z,Izmir,,,,,beklenmiyor
2026-09-24T13:15:22.197Z,Antalya,,,,,beklenmiyor
2026-09-24T13:15:22.223Z,Rize,rain,2026-09-24T14:00:00Z,45,0.68,bekleniyor
2026-09-24T13:44:12.982Z,Istanbul,,,,,beklenmiyor
2026-09-24T13:44:13.076Z,Ankara,,,,,beklenmiyor
2026-09-24T13:44:13.157Z,Izmir,,,,,beklenmiyor
2026-09-24T13:44:13.192Z,Antalya,,,,,beklenmiyor
2026-09-24T13:44:13.227Z,Rize,rain,2026-09-24T14:00:00Z,16,0.68,bekleniyor
2026-09-24T13:58:17.166Z,Istanbul,,,,,beklenmiyor
2026-09-24T13:58:17.247Z,Ankara,,,,,beklenmiyor
2026-09-24T13:58:17.300Z,Izmir,,,,,beklenmiyor
2026-09-24T13:58:17.321Z,Antalya,,,,,beklenmiyor
2026-09-24T13:58:17.361Z,Rize,rain,2026-09-24T14:00:00Z,2,0.68,bekleniyor
2026-09-24T14:19:51.041Z,Istanbul,,,,,beklenmiyor
2026-09-24T14:19:51.136Z,Ankara,,,,,beklenmiyor
2026-09-24T14:19:51.232Z,Izmir,,,,,beklenmiyor
2026-09-24T14:19:51.281Z,Antalya,,,,,beklenmiyor
2026-09-24T14:19:51.335Z,Rize,rain,2026-09-24T15:00:00Z,40,0.74,bekleniyor
2026-09-24T14:44:18.191Z,Istanbul,,,,,beklenmiyor
2026-09-24T14:44:18.237Z,Ankara,,,,,beklenmiyor
2026-09-24T14:44:18.337Z,Izmir,,,,,beklenmiyor
2026-09-24T14:44:18.397Z,Antalya,,,,,beklenmiyor
2026-09-24T14:44:18.491Z,Rize,rain,2026-09-24T15:00:00Z,16,0.74,bekleniyor
2026-09-24T14:59:29.102Z,Istanbul,,,,,beklenmiyor
2026-09-24T14:59:29.151Z,Ankara,,,,,beklenmiyor
2026-09-24T14:59:29.172Z,Izmir,,,,,beklenmiyor
2026-09-24T14:59:29.224Z,Antalya,,,,,beklenmiyor
2026-09-24T14:59:29.259Z,Rize,rain,2026-09-24T15:00:00Z,1,0.74,bekleniyor
2026-09-24T15:21:03.405Z,Istanbul,,,,,beklenmiyor
2026-09-24T15:21:03.466Z,Ankara,,,,,beklenmiyor
2026-09-24T15:21:03.483Z,Izmir,,,,,beklenmiyor
2026-09-24T15:21:03.532Z,Antalya,,,,,beklenmiyor
2026-09-24T15:21:03.558Z,Rize,rain,2026-09-24T16:00:00Z,39,0.74,bekleniyor
2026-09-24T15:42:53.943Z,Istanbul,,,,,beklenmiyor
2026-09-24T15:42:54.022Z,Ankara,,,,,beklenmiyor
2026-09-24T15:42:54.059Z,Izmir,,,,,beklenmiyor
2026-09-24T15:42:54.143Z,Antalya,,,,,beklenmiyor
2026-09-24T15:42:54.180Z,Rize,rain,2026-09-24T16:00:00Z,17,0.74,bekleniyor
2026-09-24T15:55:54.697Z,Istanbul,,,,,beklenmiyor
2026-09-24T15:55:54.787Z,Ankara,,,,,beklenmiyor
2026-09-24T15:55:54.831Z,Izmir,,,,,beklenmiyor
2026-09-24T15:55:54.873Z,Antalya,,,,,beklenmiyor
2026-09-24T15:55:54.919Z,Rize,rain,2026-09-24T16:00:00Z,4,0.74,bekleniyor
2026-09-24T16:16:41.374Z,Istanbul,,,,,beklenmiyor
2026-09-24T16:16:41.423Z,Ankara,,,,,beklenmiyor
2026-09-24T16:16:41.477Z,Izmir,,,,,beklenmiyor
2026-09-24T16:16:41.645Z,Antalya,,,,,beklenmiyor
2026-09-24T16:16:41.765Z,Rize,rain,2026-09-24T17:00:00Z,43,0.76,bekleniyor
2026-09-24T16:42:24.764Z,Istanbul,,,,,beklenmiyor
2026-09-24T16:42:24.853Z,Ankara,,,,,beklenmiyor
2026-09-24T16:42:24.901Z,Izmir,,,,,beklenmiyor
2026-09-24T16:42:24.989Z,Antalya,,,,,beklenmiyor
2026-09-24T16:42:25.036Z,Rize,rain,2026-09-24T17:00:00Z,18,0.76,bekleniyor
2026-09-24T16:56:40.347Z,Istanbul,,,,,beklenmiyor
2026-09-24T16:56:40.439Z,Ankara,,,,,beklenmiyor
2026-09-24T16:56:40.521Z,Izmir,,,,,beklenmiyor
2026-09-24T16:56:40.562Z,Antalya,,,,,beklenmiyor
2026-09-24T16:56:40.599Z,Rize,rain,2026-09-24T17:00:00Z,3,0.76,bekleniyor
2026-09-24T17:16:01.625Z,Istanbul,,,,,beklenmiyor
2026-09-24T17:16:01.736Z,Ankara,,,,,beklenmiyor
2026-09-24T17:16:01.800Z,Izmir,,,,,beklenmiyor
2026-09-24T17:16:01.878Z,Antalya,,,,,beklenmiyor
2026-09-24T17:16:01.953Z,Rize,rain,2026-09-24T18:00:00Z,44,0.81,bekleniyor
2026-09-24T17:40:21.858Z,Istanbul,,,,,beklenmiyor
2026-09-24T17:40:21.946Z,Ankara,,,,,beklenmiyor
2026-09-24T17:40:22.013Z,Izmir,,,,,beklenmiyor
2026-09-24T17:40:22.096Z,Antalya,,,,,beklenmiyor
2026-09-24T17:40:22.164Z,Rize,rain,2026-09-24T18:00:00Z,20,0.81,bekleniyor
2026-09-24T17:53:00.676Z,Istanbul,,,,,beklenmiyor
2026-09-24T17:53:00.747Z,Ankara,,,,,beklenmiyor
2026-09-24T17:53:00.784Z,Izmir,,,,,beklenmiyor
2026-09-24T17:53:00.822Z,Antalya,,,,,beklenmiyor
2026-09-24T17:53:00.865Z,Rize,rain,2026-09-24T18:00:00Z,7,0.81,bekleniyor
2026-09-24T18:17:14.412Z,Istanbul,,,,,beklenmiyor
2026-09-24T18:17:14.432Z,Ankara,,,,,beklenmiyor
2026-09-24T18:17:14.483Z,Izmir,,,,,beklenmiyor
2026-09-24T18:17:14.514Z,Antalya,,,,,beklenmiyor
2026-09-24T18:17:14.533Z,Rize,rain,2026-09-24T19:00:00Z,43,0.78,bekleniyor
2026-09-24T18:44:28.693Z,Istanbul,,,,,beklenmiyor
2026-09-24T18:44:28.751Z,Ankara,,,,,beklenmiyor
2026-09-24T18:44:28.826Z,Izmir,,,,,beklenmiyor
2026-09-24T18:44:28.895Z,Antalya,,,,,beklenmiyor
2026-09-24T18:44:28.952Z,Rize,rain,2026-09-24T19:00:00Z,16,0.78,bekleniyor
2026-09-24T18:58:44.107Z,Istanbul,,,,,beklenmiyor
2026-09-24T18:58:44.234Z,Ankara,,,,,beklenmiyor
2026-09-24T18:58:44.358Z,Izmir,,,,,beklenmiyor
2026-09-24T18:58:44.440Z,Antalya,,,,,beklenmiyor
2026-09-24T18:58:44.522Z,Rize,rain,2026-09-24T19:00:00Z,1,0.78,bekleniyor
2026-09-24T19:17:24.973Z,Istanbul,,,,,beklenmiyor
2026-09-24T19:17:24.998Z,Ankara,,,,,beklenmiyor
2026-09-24T19:17:25.042Z,Izmir,,,,,beklenmiyor
2026-09-24T19:17:25.085Z,Antalya,,,,,beklenmiyor
2026-09-24T19:17:25.104Z,Rize,rain,2026-09-24T20:00:00Z,43,0.76,bekleniyor
2026-09-24T19:40:17.624Z,Istanbul,,,,,beklenmiyor
2026-09-24T19:40:17.721Z,Ankara,,,,,beklenmiyor
2026-09-24T19:40:17.808Z,Izmir,,,,,beklenmiyor
2026-09-24T19:40:17.836Z,Antalya,,,,,beklenmiyor
2026-09-24T19:40:17.857Z,Rize,rain,2026-09-24T20:00:00Z,20,0.76,bekleniyor
2026-09-24T19:53:26.999Z,Istanbul,,,,,beklenmiyor
2026-09-24T19:53:27.050Z,Ankara,,,,,beklenmiyor
2026-09-24T19:53:27.094Z,Izmir,,,,,beklenmiyor
2026-09-24T19:53:27.116Z,Antalya,,,,,beklenmiyor
2026-09-24T19:53:27.145Z,Rize,rain,2026-09-24T20:00:00Z,7,0.76,bekleniyor
2026-09-24T20:14:52.325Z,Istanbul,,,,,beklenmiyor
2026-09-24T20:14:52.377Z,Ankara,,,,,beklenmiyor
2026-09-24T20:14:52.400Z,Izmir,,,,,beklenmiyor
2026-09-24T20:14:52.451Z,Antalya,,,,,beklenmiyor
2026-09-24T20:14:52.482Z,Rize,rain,2026-09-24T21:00:00Z,45,0.72,bekleniyor
2026-09-24T20:33:34.870Z,Istanbul,,,,,beklenmiyor
2026-09-24T20:33:34.964Z,Ankara,,,,,beklenmiyor
2026-09-24T20:33:35.068Z,Izmir,,,,,beklenmiyor
2026-09-24T20:33:35.172Z,Antalya,,,,,beklenmiyor
2026-09-24T20:33:35.238Z,Rize,rain,2026-09-24T21:00:00Z,26,0.72,bekleniyor
2026-09-24T20:55:01.732Z,Istanbul,,,,,beklenmiyor
2026-09-24T20:55:01.795Z,Ankara,,,,,beklenmiyor
2026-09-24T20:55:01.825Z,Izmir,,,,,beklenmiyor
2026-09-24T20:55:01.854Z,Antalya,,,,,beklenmiyor
2026-09-24T20:55:01.920Z,Rize,rain,2026-09-24T21:00:00Z,5,0.72,bekleniyor
2026-09-24T21:13:40.659Z,Istanbul,,,,,beklenmiyor
2026-09-24T21:13:40.697Z,Ankara,,,,,beklenmiyor
2026-09-24T21:13:40.733Z,Izmir,,,,,beklenmiyor
2026-09-24T21:13:40.817Z,Antalya,,,,,beklenmiyor
2026-09-24T21:13:40.859Z,Rize,rain,2026-09-24T22:00:00Z,46,0.69,bekleniyor
2026-09-24T21:29:50.327Z,Istanbul,,,,,beklenmiyor
2026-09-24T21:29:50.400Z,Ankara,,,,,beklenmiyor
2026-09-24T21:29:50.470Z,Izmir,,,,,beklenmiyor
2026-09-24T21:29:50.526Z,Antalya,,,,,beklenmiyor
2026-09-24T21:29:50.583Z,Rize,rain,2026-09-24T22:00:00Z,30,0.69,bekleniyor
2026-09-24T21:43:40.763Z,Istanbul,,,,,beklenmiyor
2026-09-24T21:43:40.810Z,Ankara,,,,,beklenmiyor
2026-09-24T21:43:40.861Z,Izmir,,,,,beklenmiyor
2026-09-24T21:43:40.895Z,Antalya,,,,,beklenmiyor
2026-09-24T21:43:40.924Z,Rize,rain,2026-09-24T22:00:00Z,16,0.69,bekleniyor
2026-09-24T21:55:37.792Z,Istanbul,,,,,beklenmiyor
2026-09-24T21:55:37.867Z,Ankara,,,,,beklenmiyor
2026-09-24T21:55:37.933Z,Izmir,,,,,beklenmiyor
2026-09-24T21:55:37.987Z,Antalya,,,,,beklenmiyor
2026-09-24T21:55:38.054Z,Rize,rain,2026-09-24T22:00:00Z,4,0.69,bekleniyor
2026-09-24T22:14:35.884Z,Istanbul,,,,,beklenmiyor
2026-09-24T22:14:35.936Z,Ankara,,,,,beklenmiyor
2026-09-24T22:14:35.994Z,Izmir,,,,,beklenmiyor
2026-09-24T22:14:36.032Z,Antalya,,,,,beklenmiyor
2026-09-24T22:14:36.071Z,Rize,rain,2026-09-24T23:00:00Z,45,0.69,bekleniyor
2026-09-24T22:31:02.692Z,Istanbul,,,,,beklenmiyor
2026-09-24T22:31:02.718Z,Ankara,,,,,beklenmiyor
2026-09-24T22:31:02.773Z,Izmir,,,,,beklenmiyor
2026-09-24T22:31:02.794Z,Antalya,,,,,beklenmiyor
2026-09-24T22:31:02.819Z,Rize,rain,2026-09-24T23:00:00Z,29,0.69,bekleniyor
2026-09-24T22:54:01.772Z,Istanbul,,,,,beklenmiyor
2026-09-24T22:54:01.841Z,Ankara,,,,,beklenmiyor
2026-09-24T22:54:01.918Z,Izmir,,,,,beklenmiyor
2026-09-24T22:54:01.970Z,Antalya,,,,,beklenmiyor
2026-09-24T22:54:02.033Z,Rize,rain,2026-09-24T23:00:00Z,6,0.69,bekleniyor
2026-09-24T23:12:38.837Z,Istanbul,,,,,beklenmiyor
2026-09-24T23:12:38.893Z,Ankara,,,,,beklenmiyor
2026-09-24T23:12:38.916Z,Izmir,,,,,beklenmiyor
2026-09-24T23:12:38.972Z,Antalya,,,,,beklenmiyor
2026-09-24T23:12:38.997Z,Rize,rain,2026-09-25T00:00:00Z,47,0.67,bekleniyor
2026-09-24T23:28:13.902Z,Istanbul,,,,,beklenmiyor
2026-09-24T23:28:14.018Z,Ankara,,,,,beklenmiyor
2026-09-24T23:28:14.119Z,Izmir,,,,,beklenmiyor
2026-09-24T23:28:14.164Z,Antalya,,,,,beklenmiyor
2026-09-24T23:28:14.213Z,Rize,rain,2026-09-25T00:00:00Z,32,0.66,bekleniyor
2026-09-24T23:43:01.803Z,Istanbul,,,,,beklenmiyor
2026-09-24T23:43:01.829Z,Ankara,,,,,beklenmiyor
2026-09-24T23:43:01.886Z,Izmir,,,,,beklenmiyor
2026-09-24T23:43:01.911Z,Antalya,,,,,beklenmiyor
2026-09-24T23:43:01.973Z,Rize,rain,2026-09-25T00:00:00Z,17,0.66,bekleniyor
2026-09-24T23:55:14.827Z,Istanbul,,,,,beklenmiyor
2026-09-24T23:55:14.916Z,Ankara,,,,,beklenmiyor
2026-09-24T23:55:14.960Z,Izmir,,,,,beklenmiyor
2026-09-24T23:55:15.014Z,Antalya,,,,,beklenmiyor
2026-09-24T23:55:15.062Z,Rize,rain,2026-09-25T00:00:00Z,5,0.66,bekleniyor
2026-09-25T00:20:47.706Z,Istanbul,,,,,beklenmiyor
2026-09-25T00:20:47.951Z,Ankara,,,,,beklenmiyor
2026-09-25T00:20:48.177Z,Izmir,,,,,beklenmiyor
2026-09-25T00:20:48.406Z,Antalya,,,,,beklenmiyor
2026-09-25T00:20:48.719Z,Rize,rain,2026-09-25T01:00:00Z,39,0.64,bekleniyor
2026-09-25T00:45:43.608Z,Istanbul,,,,,beklenmiyor
2026-09-25T00:45:43.666Z,Ankara,,,,,beklenmiyor
2026-09-25T00:45:43.727Z,Izmir,,,,,beklenmiyor
2026-09-25T00:45:43.773Z,Antalya,,,,,beklenmiyor
2026-09-25T00:45:43.814Z,Rize,rain,2026-09-25T01:00:00Z,14,0.64,bekleniyor
2026-09-25T01:12:25.890Z,Istanbul,,,,,beklenmiyor
2026-09-25T01:12:25.940Z,Ankara,,,,,beklenmiyor
2026-09-25T01:12:25.973Z,Izmir,,,,,beklenmiyor
2026-09-25T01:12:26.020Z,Antalya,,,,,beklenmiyor
2026-09-25T01:12:26.050Z,Rize,rain,2026-09-25T02:00:00Z,48,0.6,bekleniyor
2026-09-25T01:28:07.421Z,Istanbul,,,,,beklenmiyor
2026-09-25T01:28:07.467Z,Ankara,,,,,beklenmiyor
2026-09-25T01:28:07.519Z,Izmir,,,,,beklenmiyor
2026-09-25T01:28:07.538Z,Antalya,,,,,beklenmiyor
2026-09-25T01:28:07.571Z,Rize,rain,2026-09-25T02:00:00Z,32,0.6,bekleniyor
2026-09-25T01:43:05.107Z,Istanbul,,,,,beklenmiyor
2026-09-25T01:43:05.177Z,Ankara,,,,,beklenmiyor
2026-09-25T01:43:05.257Z,Izmir,,,,,beklenmiyor
2026-09-25T01:43:05.298Z,Antalya,,,,,beklenmiyor
2026-09-25T01:43:05.339Z,Rize,rain,2026-09-25T02:00:00Z,17,0.6,bekleniyor
2026-09-25T01:54:57.153Z,Istanbul,,,,,beklenmiyor
2026-09-25T01:54:57.199Z,Ankara,,,,,beklenmiyor
2026-09-25T01:54:57.237Z,Izmir,,,,,beklenmiyor
2026-09-25T01:54:57.277Z,Antalya,,,,,beklenmiyor
2026-09-25T01:54:57.366Z,Rize,rain,2026-09-25T02:00:00Z,5,0.6,bekleniyor
2026-09-25T02:13:05.539Z,Istanbul,,,,,beklenmiyor
2026-09-25T02:13:05.623Z,Ankara,,,,,beklenmiyor
2026-09-25T02:13:05.697Z,Izmir,,,,,beklenmiyor
2026-09-25T02:13:05.757Z,Antalya,,,,,beklenmiyor
2026-09-25T02:13:05.822Z,Rize,rain,2026-09-25T03:00:00Z,47,0.54,bekleniyor
2026-09-25T02:30:37.386Z,Istanbul,,,,,beklenmiyor
2026-09-25T02:30:37.407Z,Ankara,,,,,beklenmiyor
2026-09-25T02:30:37.458Z,Izmir,,,,,beklenmiyor
2026-09-25T02:30:37.499Z,Antalya,,,,,beklenmiyor
2026-09-25T02:30:37.515Z,Rize,rain,2026-09-25T03:00:00Z,29,0.54,bekleniyor
2026-09-25T02:53:47.441Z,Istanbul,,,,,beklenmiyor
2026-09-25T02:53:47.525Z,Ankara,,,,,beklenmiyor
2026-09-25T02:53:47.619Z,Izmir,,,,,beklenmiyor
2026-09-25T02:53:47.792Z,Antalya,,,,,beklenmiyor
2026-09-25T02:53:47.848Z,Rize,rain,2026-09-25T03:00:00Z,6,0.54,bekleniyor
2026-09-25T03:13:19.195Z,Istanbul,,,,,beklenmiyor
2026-09-25T03:13:19.290Z,Ankara,,,,,beklenmiyor
2026-09-25T03:13:19.373Z,Izmir,,,,,beklenmiyor
2026-09-25T03:13:19.421Z,Antalya,,,,,beklenmiyor
2026-09-25T03:13:19.475Z,Rize,rain,2026-09-25T04:00:00Z,47,0.4,bekleniyor
2026-09-25T03:30:51.415Z,Istanbul,,,,,beklenmiyor
2026-09-25T03:30:51.505Z,Ankara,,,,,beklenmiyor
2026-09-25T03:30:51.555Z,Izmir,,,,,beklenmiyor
2026-09-25T03:30:51.631Z,Antalya,,,,,beklenmiyor
2026-09-25T03:30:51.669Z,Rize,rain,2026-09-25T04:00:00Z,29,0.4,bekleniyor
2026-09-25T03:54:25.964Z,Istanbul,,,,,beklenmiyor
2026-09-25T03:54:26.050Z,Ankara,,,,,beklenmiyor
2026-09-25T03:54:26.130Z,Izmir,,,,,beklenmiyor
2026-09-25T03:54:26.200Z,Antalya,,,,,beklenmiyor
2026-09-25T03:54:26.242Z,Rize,rain,2026-09-25T04:00:00Z,6,0.4,bekleniyor
2026-09-25T04:14:02.934Z,Istanbul,,,,,beklenmiyor
2026-09-25T04:14:03.028Z,Ankara,,,,,beklenmiyor
2026-09-25T04:14:03.116Z,Izmir,,,,,beklenmiyor
2026-09-25T04:14:03.200Z,Antalya,,,,,beklenmiyor
2026-09-25T04:14:03.285Z,Rize,rain,2026-09-25T05:00:00Z,46,0.3,bekleniyor
2026-09-25T04:32:30.551Z,Istanbul,,,,,beklenmiyor
2026-09-25T04:32:30.633Z,Ankara,,,,,beklenmiyor
2026-09-25T04:32:30.707Z,Izmir,,,,,beklenmiyor
2026-09-25T04:32:30.762Z,Antalya,,,,,beklenmiyor
2026-09-25T04:32:30.827Z,Rize,rain,2026-09-25T05:00:00Z,27,0.3,bekleniyor
2026-09-25T04:54:58.029Z,Istanbul,,,,,beklenmiyor
2026-09-25T04:54:58.112Z,Ankara,,,,,beklenmiyor
2026-09-25T04:54:58.159Z,Izmir,,,,,beklenmiyor
2026-09-25T04:54:58.258Z,Antalya,,,,,beklenmiyor
2026-09-25T04:54:58.335Z,Rize,rain,2026-09-25T05:00:00Z,5,0.3,bekleniyor
2026-09-25T05:13:10.864Z,Istanbul,,,,,beklenmiyor
2026-09-25T05:13:10.939Z,Ankara,,,,,beklenmiyor
2026-09-25T05:13:10.974Z,Izmir,,,,,beklenmiyor
2026-09-25T05:13:11.009Z,Antalya,,,,,beklenmiyor
2026-09-25T05:13:11.047Z,Rize,rain,2026-09-25T13:00:00Z,467,0.33,bekleniyor
2026-09-25T05:30:11.339Z,Istanbul,,,,,beklenmiyor
2026-09-25T05:30:11.399Z,Ankara,,,,,beklenmiyor
2026-09-25T05:30:11.427Z,Izmir,,,,,beklenmiyor
2026-09-25T05:30:11.487Z,Antalya,,,,,beklenmiyor
2026-09-25T05:30:11.536Z,Rize,rain,2026-09-25T13:00:00Z,450,0.33,bekleniyor
2026-09-25T05:54:15.679Z,Istanbul,,,,,beklenmiyor
2026-09-25T05:54:15.752Z,Ankara,,,,,beklenmiyor
2026-09-25T05:54:15.816Z,Izmir,,,,,beklenmiyor
2026-09-25T05:54:15.870Z,Antalya,,,,,beklenmiyor
2026-09-25T05:54:15.925Z,Rize,rain,2026-09-25T13:00:00Z,426,0.33,bekleniyor
2026-09-25T06:17:48.585Z,Istanbul,,,,,beklenmiyor
2026-09-25T06:17:48.647Z,Ankara,,,,,beklenmiyor
2026-09-25T06:17:48.743Z,Izmir,,,,,beklenmiyor
2026-09-25T06:17:48.801Z,Antalya,,,,,beklenmiyor
2026-09-25T06:17:48.906Z,Rize,rain,2026-09-25T13:00:00Z,402,0.33,bekleniyor
2026-09-25T06:47:38.370Z,Istanbul,,,,,beklenmiyor
2026-09-25T06:47:38.413Z,Ankara,,,,,beklenmiyor
2026-09-25T06:47:38.453Z,Izmir,,,,,beklenmiyor
2026-09-25T06:47:38.526Z,Antalya,,,,,beklenmiyor
2026-09-25T06:47:38.603Z,Rize,rain,2026-09-25T13:00:00Z,372,0.33,bekleniyor
2026-09-25T07:14:45.863Z,Istanbul,,,,,beklenmiyor
2026-09-25T07:14:45.934Z,Ankara,,,,,beklenmiyor
2026-09-25T07:14:45.955Z,Izmir,,,,,beklenmiyor
2026-09-25T07:14:46.002Z,Antalya,,,,,beklenmiyor
2026-09-25T07:14:46.028Z,Rize,rain,2026-09-25T14:00:00Z,405,0.46,bekleniyor
2026-09-25T07:33:06.652Z,Istanbul,,,,,beklenmiyor
2026-09-25T07:33:06.790Z,Ankara,,,,,beklenmiyor
2026-09-25T07:33:06.863Z,Izmir,,,,,beklenmiyor
2026-09-25T07:33:06.935Z,Antalya,,,,,beklenmiyor
2026-09-25T07:33:07.046Z,Rize,rain,2026-09-25T14:00:00Z,387,0.46,bekleniyor
2026-09-25T07:54:47.535Z,Istanbul,,,,,beklenmiyor
2026-09-25T07:54:47.567Z,Ankara,,,,,beklenmiyor
2026-09-25T07:54:47.627Z,Izmir,,,,,beklenmiyor
2026-09-25T07:54:47.655Z,Antalya,,,,,beklenmiyor
2026-09-25T07:54:47.680Z,Rize,rain,2026-09-25T14:00:00Z,365,0.46,bekleniyor
2026-09-25T08:14:49.912Z,Istanbul,,,,,beklenmiyor
2026-09-25T08:14:49.964Z,Ankara,,,,,beklenmiyor
2026-09-25T08:14:50.047Z,Izmir,,,,,beklenmiyor
2026-09-25T08:14:50.099Z,Antalya,,,,,beklenmiyor
2026-09-25T08:14:50.192Z,Rize,rain,2026-09-25T14:00:00Z,345,0.46,bekleniyor
2026-09-25T08:34:20.645Z,Istanbul,,,,,beklenmiyor
2026-09-25T08:34:20.693Z,Ankara,,,,,beklenmiyor
2026-09-25T08:34:20.739Z,Izmir,,,,,beklenmiyor
2026-09-25T08:34:20.757Z,Antalya,,,,,beklenmiyor
2026-09-25T08:34:20.775Z,Rize,rain,2026-09-25T14:00:00Z,326,0.46,bekleniyor
2026-09-25T08:55:23.162Z,Istanbul,,,,,beklenmiyor
2026-09-25T08:55:23.219Z,Ankara,,,,,beklenmiyor
2026-09-25T08:55:23.293Z,Izmir,,,,,beklenmiyor
2026-09-25T08:55:23.338Z,Antalya,,,,,beklenmiyor
2026-09-25T08:55:23.388Z,Rize,rain,2026-09-25T14:00:00Z,305,0.46,bekleniyor
2026-09-25T09:14:56.178Z,Istanbul,,,,,beklenmiyor
2026-09-25T09:14:56.268Z,Ankara,,,,,beklenmiyor
2026-09-25T09:14:56.311Z,Izmir,,,,,beklenmiyor
2026-09-25T09:14:56.390Z,Antalya,,,,,beklenmiyor
2026-09-25T09:14:56.434Z,Rize,rain,2026-09-25T14:00:00Z,285,0.46,bekleniyor
2026-09-25T09:33:52.794Z,Istanbul,,,,,beklenmiyor
2026-09-25T09:33:52.852Z,Ankara,,,,,beklenmiyor
2026-09-25T09:33:52.879Z,Izmir,,,,,beklenmiyor
2026-09-25T09:33:52.902Z,Antalya,,,,,beklenmiyor
2026-09-25T09:33:52.930Z,Rize,rain,2026-09-25T14:00:00Z,266,0.46,bekleniyor
2026-09-25T09:54:45.349Z,Istanbul,,,,,beklenmiyor
2026-09-25T09:54:45.431Z,Ankara,,,,,beklenmiyor
2026-09-25T09:54:45.511Z,Izmir,,,,,beklenmiyor
2026-09-25T09:54:45.575Z,Antalya,,,,,beklenmiyor
2026-09-25T09:54:45.638Z,Rize,rain,2026-09-25T14:00:00Z,245,0.46,bekleniyor
2026-09-25T10:14:13.515Z,Istanbul,,,,,beklenmiyor
2026-09-25T10:14:13.594Z,Ankara,,,,,beklenmiyor
2026-09-25T10:14:13.713Z,Izmir,,,,,beklenmiyor
2026-09-25T10:14:13.793Z,Antalya,,,,,beklenmiyor
2026-09-25T10:14:13.871Z,Rize,rain,2026-09-25T14:00:00Z,226,0.46,bekleniyor
2026-09-25T10:32:41.980Z,Istanbul,,,,,beklenmiyor
2026-09-25T10:32:42.027Z,Ankara,,,,,beklenmiyor
2026-09-25T10:32:42.078Z,Izmir,,,,,beklenmiyor
2026-09-25T10:32:42.132Z,Antalya,,,,,beklenmiyor
2026-09-25T10:32:42.155Z,Rize,rain,2026-09-25T14:00:00Z,207,0.46,bekleniyor
2026-09-25T10:54:24.444Z,Istanbul,,,,,beklenmiyor
2026-09-25T10:54:24.482Z,Ankara,,,,,beklenmiyor
2026-09-25T10:54:24.602Z,Izmir,,,,,beklenmiyor
2026-09-25T10:54:24.641Z,Antalya,,,,,beklenmiyor
2026-09-25T10:54:24.676Z,Rize,rain,2026-09-25T14:00:00Z,186,0.46,bekleniyor
2026-09-25T11:13:47.848Z,Istanbul,,,,,beklenmiyor
2026-09-25T11:13:47.917Z,Ankara,,,,,beklenmiyor
2026-09-25T11:13:47.956Z,Izmir,,,,,beklenmiyor
2026-09-25T11:13:47.991Z,Antalya,,,,,beklenmiyor
2026-09-25T11:13:48.052Z,Rize,rain,2026-09-25T14:00:00Z,166,0.34,bekleniyor
2026-09-25T11:31:37.511Z,Istanbul,,,,,beklenmiyor
2026-09-25T11:31:37.552Z,Ankara,,,,,beklenmiyor
2026-09-25T11:31:37.594Z,Izmir,,,,,beklenmiyor
2026-09-25T11:31:37.627Z,Antalya,,,,,beklenmiyor
2026-09-25T11:31:37.662Z,Rize,rain,2026-09-25T14:00:00Z,148,0.34,bekleniyor
2026-09-25T11:55:08.351Z,Istanbul,,,,,beklenmiyor
2026-09-25T11:55:08.434Z,Ankara,,,,,beklenmiyor
2026-09-25T11:55:08.468Z,Izmir,,,,,beklenmiyor
2026-09-25T11:55:08.511Z,Antalya,,,,,beklenmiyor
2026-09-25T11:55:08.584Z,Rize,rain,2026-09-25T14:00:00Z,125,0.34,bekleniyor
2026-09-25T12:18:01.417Z,Istanbul,,,,,beklenmiyor
2026-09-25T12:18:01.447Z,Ankara,,,,,beklenmiyor
2026-09-25T12:18:01.496Z,Izmir,,,,,beklenmiyor
2026-09-25T12:18:01.541Z,Antalya,,,,,beklenmiyor
2026-09-25T12:18:01.559Z,Rize,rain,2026-09-25T14:00:00Z,102,0.34,bekleniyor
2026-09-25T12:47:05.026Z,Istanbul,,,,,beklenmiyor
2026-09-25T12:47:05.114Z,Ankara,,,,,beklenmiyor
2026-09-25T12:47:05.195Z,Izmir,,,,,beklenmiyor
2026-09-25T12:47:05.261Z,Antalya,,,,,beklenmiyor
2026-09-25T12:47:05.328Z,Rize,rain,2026-09-25T14:00:00Z,73,0.34,bekleniyor
2026-09-25T13:15:33.516Z,Istanbul,,,,,beklenmiyor
2026-09-25T13:15:33.574Z,Ankara,,,,,beklenmiyor
2026-09-25T13:15:33.636Z,Izmir,,,,,beklenmiyor
2026-09-25T13:15:33.678Z,Antalya,,,,,beklenmiyor
2026-09-25T13:15:33.718Z,Rize,rain,2026-09-25T14:00:00Z,44,0.34,bekleniyor
2026-09-25T13:43:18.871Z,Istanbul,,,,,beklenmiyor
2026-09-25T13:43:18.929Z,Ankara,,,,,beklenmiyor
2026-09-25T13:43:19.029Z,Izmir,,,,,beklenmiyor
2026-09-25T13:43:19.091Z,Antalya,,,,,beklenmiyor
2026-09-25T13:43:19.158Z,Rize,rain,2026-09-25T14:00:00Z,17,0.34,bekleniyor
2026-09-25T13:57:15.616Z,Istanbul,,,,,beklenmiyor
2026-09-25T13:57:15.695Z,Ankara,,,,,beklenmiyor
2026-09-25T13:57:15.729Z,Izmir,,,,,beklenmiyor
2026-09-25T13:57:15.762Z,Antalya,,,,,beklenmiyor
2026-09-25T13:57:15.843Z,Rize,rain,2026-09-25T14:00:00Z,3,0.34,bekleniyor
2026-09-25T14:19:08.078Z,Istanbul,,,,,beklenmiyor
2026-09-25T14:19:08.174Z,Ankara,,,,,beklenmiyor
2026-09-25T14:19:08.230Z,Izmir,,,,,beklenmiyor
2026-09-25T14:19:08.302Z,Antalya,,,,,beklenmiyor
2026-09-25T14:19:08.357Z,Rize,rain,2026-09-25T15:00:00Z,41,0.38,bekleniyor
2026-09-25T14:43:24.633Z,Istanbul,,,,,beklenmiyor
2026-09-25T14:43:24.697Z,Ankara,,,,,beklenmiyor
2026-09-25T14:43:24.753Z,Izmir,,,,,beklenmiyor
2026-09-25T14:43:24.774Z,Antalya,,,,,beklenmiyor
2026-09-25T14:43:24.833Z,Rize,rain,2026-09-25T15:00:00Z,17,0.38,bekleniyor
2026-09-25T14:58:10.872Z,Istanbul,,,,,beklenmiyor
2026-09-25T14:58:10.899Z,Ankara,,,,,beklenmiyor
2026-09-25T14:58:10.952Z,Izmir,,,,,beklenmiyor
2026-09-25T14:58:10.972Z,Antalya,,,,,beklenmiyor
2026-09-25T14:58:11.021Z,Rize,rain,2026-09-25T15:00:00Z,2,0.38,bekleniyor
2026-09-25T15:20:03.522Z,Istanbul,,,,,beklenmiyor
2026-09-25T15:20:03.691Z,Ankara,,,,,beklenmiyor
2026-09-25T15:20:03.767Z,Izmir,,,,,beklenmiyor
2026-09-25T15:20:03.891Z,Antalya,,,,,beklenmiyor
2026-09-25T15:20:04.014Z,Rize,rain,2026-09-25T16:00:00Z,40,0.3,bekleniyor
2026-09-25T15:41:49.908Z,Istanbul,,,,,beklenmiyor
2026-09-25T15:41:49.963Z,Ankara,,,,,beklenmiyor
2026-09-25T15:41:50.042Z,Izmir,,,,,beklenmiyor
2026-09-25T15:41:50.087Z,Antalya,,,,,beklenmiyor
2026-09-25T15:41:50.193Z,Rize,rain,2026-09-25T16:00:00Z,18,0.3,bekleniyor
2026-09-25T15:55:16.056Z,Istanbul,,,,,beklenmiyor
2026-09-25T15:55:16.108Z,Ankara,,,,,beklenmiyor
2026-09-25T15:55:16.166Z,Izmir,,,,,beklenmiyor
2026-09-25T15:55:16.217Z,Antalya,,,,,beklenmiyor
2026-09-25T15:55:16.286Z,Rize,rain,2026-09-25T16:00:00Z,5,0.3,bekleniyor
2026-09-25T16:15:39.529Z,Istanbul,,,,,beklenmiyor
2026-09-25T16:15:39.611Z,Ankara,,,,,beklenmiyor
2026-09-25T16:15:39.727Z,Izmir,,,,,beklenmiyor
2026-09-25T16:15:39.841Z,Antalya,,,,,beklenmiyor
2026-09-25T16:15:39.914Z,Rize,rain,2026-09-25T17:00:00Z,44,0.3,bekleniyor
2026-09-25T16:44:18.004Z,Istanbul,,,,,beklenmiyor
2026-09-25T16:44:18.030Z,Ankara,,,,,beklenmiyor
2026-09-25T16:44:18.051Z,Izmir,,,,,beklenmiyor
2026-09-25T16:44:18.069Z,Antalya,,,,,beklenmiyor
2026-09-25T16:44:18.115Z,Rize,rain,2026-09-25T17:00:00Z,16,0.3,bekleniyor
2026-09-25T16:57:18.143Z,Istanbul,,,,,beklenmiyor
2026-09-25T16:57:18.233Z,Ankara,,,,,beklenmiyor
2026-09-25T16:57:18.348Z,Izmir,,,,,beklenmiyor
2026-09-25T16:57:18.413Z,Antalya,,,,,beklenmiyor
2026-09-25T16:57:18.484Z,Rize,rain,2026-09-25T17:00:00Z,3,0.3,bekleniyor
2026-09-25T17:16:50.846Z,Istanbul,,,,,beklenmiyor
2026-09-25T17:16:50.903Z,Ankara,,,,,beklenmiyor
2026-09-25T17:16:50.992Z,Izmir,,,,,beklenmiyor
2026-09-25T17:16:51.025Z,Antalya,,,,,beklenmiyor
2026-09-25T17:16:51.058Z,Rize,,,,,beklenmiyor
2026-09-25T17:42:16.104Z,Istanbul,,,,,beklenmiyor
2026-09-25T17:42:16.160Z,Ankara,,,,,beklenmiyor
2026-09-25T17:42:16.201Z,Izmir,,,,,beklenmiyor
2026-09-25T17:42:16.275Z,Antalya,,,,,beklenmiyor
2026-09-25T17:42:16.353Z,Rize,,,,,beklenmiyor
2026-09-25T17:56:04.632Z,Istanbul,,,,,beklenmiyor
2026-09-25T17:56:04.694Z,Ankara,,,,,beklenmiyor
2026-09-25T17:56:04.789Z,Izmir,,,,,beklenmiyor
2026-09-25T17:56:04.849Z,Antalya,,,,,beklenmiyor
2026-09-25T17:56:04.906Z,Rize,,,,,beklenmiyor
2026-09-25T18:17:35.082Z,Istanbul,,,,,beklenmiyor
2026-09-25T18:17:35.164Z,Ankara,,,,,beklenmiyor
2026-09-25T18:17:35.249Z,Izmir,,,,,beklenmiyor
2026-09-25T18:17:35.336Z,Antalya,,,,,beklenmiyor
2026-09-25T18:17:35.412Z,Rize,,,,,beklenmiyor
2026-09-25T18:43:30.793Z,Istanbul,,,,,beklenmiyor
2026-09-25T18:43:30.842Z,Ankara,,,,,beklenmiyor
2026-09-25T18:43:30.931Z,Izmir,,,,,beklenmiyor
2026-09-25T18:43:30.979Z,Antalya,,,,,beklenmiyor
2026-09-25T18:43:31.056Z,Rize,,,,,beklenmiyor
2026-09-25T18:57:50.732Z,Istanbul,,,,,beklenmiyor
2026-09-25T18:57:50.869Z,Ankara,,,,,beklenmiyor
2026-09-25T18:57:50.929Z,Izmir,,,,,beklenmiyor
2026-09-25T18:57:51.008Z,Antalya,,,,,beklenmiyor
2026-09-25T18:57:51.066Z,Rize,,,,,beklenmiyor
2026-09-25T19:15:58.127Z,Istanbul,,,,,beklenmiyor
2026-09-25T19:15:58.180Z,Ankara,,,,,beklenmiyor
2026-09-25T19:15:58.266Z,Izmir,,,,,beklenmiyor
2026-09-25T19:15:58.313Z,Antalya,,,,,beklenmiyor
2026-09-25T19:15:58.363Z,Rize,,,,,beklenmiyor
2026-09-25T19:40:16.666Z,Istanbul,,,,,beklenmiyor
2026-09-25T19:40:16.739Z,Ankara,,,,,beklenmiyor
2026-09-25T19:40:16.806Z,Izmir,,,,,beklenmiyor
2026-09-25T19:40:16.858Z,Antalya,,,,,beklenmiyor
2026-09-25T19:40:16.913Z,Rize,,,,,beklenmiyor
2026-09-25T19:53:25.695Z,Istanbul,,,,,beklenmiyor
2026-09-25T19:53:25.794Z,Ankara,,,,,beklenmiyor
2026-09-25T19:53:25.844Z,Izmir,,,,,beklenmiyor
2026-09-25T19:53:25.897Z,Antalya,,,,,beklenmiyor
2026-09-25T19:53:25.940Z,Rize,,,,,beklenmiyor
2026-09-25T20:12:52.066Z,Istanbul,,,,,beklenmiyor
2026-09-25T20:12:52.123Z,Ankara,,,,,beklenmiyor
2026-09-25T20:12:52.190Z,Izmir,,,,,beklenmiyor
2026-09-25T20:12:52.248Z,Antalya,,,,,beklenmiyor
2026-09-25T20:12:52.311Z,Rize,,,,,beklenmiyor
2026-09-25T20:29:50.285Z,Istanbul,,,,,beklenmiyor
2026-09-25T20:29:50.343Z,Ankara,,,,,beklenmiyor
2026-09-25T20:29:50.380Z,Izmir,,,,,beklenmiyor
2026-09-25T20:29:50.402Z,Antalya,,,,,beklenmiyor
2026-09-25T20:29:50.457Z,Rize,,,,,beklenmiyor
2026-09-25T20:46:22.606Z,Istanbul,,,,,beklenmiyor
2026-09-25T20:46:22.735Z,Ankara,,,,,beklenmiyor
2026-09-25T20:46:22.860Z,Izmir,,,,,beklenmiyor
2026-09-25T20:46:22.936Z,Antalya,,,,,beklenmiyor
2026-09-25T20:46:23.010Z,Rize,,,,,beklenmiyor
2026-09-25T21:13:54.389Z,Istanbul,,,,,beklenmiyor
2026-09-25T21:13:54.481Z,Ankara,,,,,beklenmiyor
2026-09-25T21:13:54.532Z,Izmir,,,,,beklenmiyor
2026-09-25T21:13:54.621Z,Antalya,,,,,beklenmiyor
2026-09-25T21:13:54.667Z,Rize,,,,,beklenmiyor
2026-09-25T21:31:03.399Z,Istanbul,,,,,beklenmiyor
2026-09-25T21:31:03.439Z,Ankara,,,,,beklenmiyor
2026-09-25T21:31:03.520Z,Izmir,,,,,beklenmiyor
2026-09-25T21:31:03.557Z,Antalya,,,,,beklenmiyor
2026-09-25T21:31:03.593Z,Rize,,,,,beklenmiyor
2026-09-25T21:54:12.495Z,Istanbul,,,,,beklenmiyor
2026-09-25T21:54:12.543Z,Ankara,,,,,beklenmiyor
2026-09-25T21:54:12.588Z,Izmir,,,,,beklenmiyor
2026-09-25T21:54:12.634Z,Antalya,,,,,beklenmiyor
2026-09-25T21:54:12.740Z,Rize,,,,,beklenmiyor
2026-09-25T22:13:13.038Z,Istanbul,,,,,beklenmiyor
2026-09-25T22:13:13.127Z,Ankara,,,,,beklenmiyor
2026-09-25T22:13:13.201Z,Izmir,,,,,beklenmiyor
2026-09-25T22:13:13.230Z,Antalya,,,,,beklenmiyor
2026-09-25T22:13:13.250Z,Rize,,,,,beklenmiyor
2026-09-25T22:29:55.636Z,Istanbul,,,,,beklenmiyor
2026-09-25T22:29:55.685Z,Ankara,,,,,beklenmiyor
2026-09-25T22:29:55.735Z,Izmir,,,,,beklenmiyor
2026-09-25T22:29:55.756Z,Antalya,,,,,beklenmiyor
2026-09-25T22:29:55.776Z,Rize,,,,,beklenmiyor
2026-09-25T22:45:23.375Z,Istanbul,,,,,beklenmiyor
2026-09-25T22:45:23.426Z,Ankara,,,,,beklenmiyor
2026-09-25T22:45:23.518Z,Izmir,,,,,beklenmiyor
2026-09-25T22:45:23.646Z,Antalya,,,,,beklenmiyor
2026-09-25T22:45:23.754Z,Rize,,,,,beklenmiyor
2026-09-25T23:12:31.683Z,Istanbul,,,,,beklenmiyor
2026-09-25T23:12:31.773Z,Ankara,,,,,beklenmiyor
2026-09-25T23:12:31.825Z,Izmir,,,,,beklenmiyor
2026-09-25T23:12:31.918Z,Antalya,,,,,beklenmiyor
2026-09-25T23:12:31.972Z,Rize,,,,,beklenmiyor
2026-09-25T23:27:39.875Z,Istanbul,,,,,beklenmiyor
2026-09-25T23:27:39.942Z,Ankara,,,,,beklenmiyor
2026-09-25T23:27:40.007Z,Izmir,,,,,beklenmiyor
2026-09-25T23:27:40.094Z,Antalya,,,,,beklenmiyor
2026-09-25T23:27:40.168Z,Rize,,,,,beklenmiyor
2026-09-25T23:43:04.541Z,Istanbul,,,,,beklenmiyor
2026-09-25T23:43:04.634Z,Ankara,,,,,beklenmiyor
2026-09-25T23:43:04.775Z,Izmir,,,,,beklenmiyor
2026-09-25T23:43:04.882Z,Antalya,,,,,beklenmiyor
2026-09-25T23:43:04.929Z,Rize,,,,,beklenmiyor
2026-09-25T23:55:07.174Z,Istanbul,,,,,beklenmiyor
2026-09-25T23:55:07.219Z,Ankara,,,,,beklenmiyor
2026-09-25T23:55:07.301Z,Izmir,,,,,beklenmiyor
2026-09-25T23:55:07.380Z,Antalya,,,,,beklenmiyor
2026-09-25T23:55:07.422Z,Rize,,,,,beklenmiyor
2026-09-26T00:18:04.661Z,Istanbul,,,,,beklenmiyor
2026-09-26T00:18:04.715Z,Ankara,,,,,beklenmiyor
2026-09-26T00:18:04.797Z,Izmir,,,,,beklenmiyor
2026-09-26T00:18:04.847Z,Antalya,,,,,beklenmiyor
2026-09-26T00:18:04.899Z,Rize,,,,,beklenmiyor
2026-09-26T00:46:14.488Z,Istanbul,,,,,beklenmiyor
2026-09-26T00:46:14.565Z,Ankara,,,,,beklenmiyor
2026-09-26T00:46:14.635Z,Izmir,,,,,beklenmiyor
2026-09-26T00:46:14.694Z,Antalya,,,,,beklenmiyor
2026-09-26T00:46:14.754Z,Rize,,,,,beklenmiyor
2026-09-26T01:11:44.172Z,Istanbul,,,,,beklenmiyor
2026-09-26T01:11:44.249Z,Ankara,,,,,beklenmiyor
2026-09-26T01:11:44.274Z,Izmir,,,,,beklenmiyor
2026-09-26T01:11:44.292Z,Antalya,,,,,beklenmiyor
2026-09-26T01:11:44.336Z,Rize,,,,,beklenmiyor
2026-09-26T01:28:01.343Z,Istanbul,,,,,beklenmiyor
2026-09-26T01:28:01.440Z,Ankara,,,,,beklenmiyor
2026-09-26T01:28:01.545Z,Izmir,,,,,beklenmiyor
2026-09-26T01:28:01.619Z,Antalya,,,,,beklenmiyor
2026-09-26T01:28:01.692Z,Rize,,,,,beklenmiyor
2026-09-26T01:43:46.765Z,Istanbul,,,,,beklenmiyor
2026-09-26T01:43:46.794Z,Ankara,,,,,beklenmiyor
2026-09-26T01:43:46.845Z,Izmir,,,,,beklenmiyor
2026-09-26T01:43:46.865Z,Antalya,,,,,beklenmiyor
2026-09-26T01:43:46.919Z,Rize,,,,,beklenmiyor
2026-09-26T01:56:56.101Z,Istanbul,,,,,beklenmiyor
2026-09-26T01:56:56.184Z,Ankara,,,,,beklenmiyor
2026-09-26T01:56:56.230Z,Izmir,,,,,beklenmiyor
2026-09-26T01:56:56.305Z,Antalya,,,,,beklenmiyor
2026-09-26T01:56:56.362Z,Rize,,,,,beklenmiyor
2026-09-26T02:16:49.716Z,Istanbul,,,,,beklenmiyor
2026-09-26T02:16:49.819Z,Ankara,,,,,beklenmiyor
2026-09-26T02:16:49.862Z,Izmir,,,,,beklenmiyor
2026-09-26T02:16:49.950Z,Antalya,,,,,beklenmiyor
2026-09-26T02:16:49.992Z,Rize,,,,,beklenmiyor
2026-09-26T02:41:13.193Z,Istanbul,,,,,beklenmiyor
2026-09-26T02:41:13.219Z,Ankara,,,,,beklenmiyor
2026-09-26T02:41:13.271Z,Izmir,,,,,beklenmiyor
2026-09-26T02:41:13.340Z,Antalya,,,,,beklenmiyor
2026-09-26T02:41:13.372Z,Rize,,,,,beklenmiyor
2026-09-26T02:54:41.114Z,Istanbul,,,,,beklenmiyor
2026-09-26T02:54:41.167Z,Ankara,,,,,beklenmiyor
2026-09-26T02:54:41.221Z,Izmir,,,,,beklenmiyor
2026-09-26T02:54:41.247Z,Antalya,,,,,beklenmiyor
2026-09-26T02:54:41.278Z,Rize,,,,,beklenmiyor
2026-09-26T03:12:59.889Z,Istanbul,,,,,beklenmiyor
2026-09-26T03:12:59.967Z,Ankara,,,,,beklenmiyor
2026-09-26T03:13:00.051Z,Izmir,,,,,beklenmiyor
2026-09-26T03:13:00.107Z,Antalya,,,,,beklenmiyor
2026-09-26T03:13:00.198Z,Rize,,,,,beklenmiyor
2026-09-26T03:30:03.949Z,Istanbul,,,,,beklenmiyor
2026-09-26T03:30:04.161Z,Ankara,,,,,beklenmiyor
2026-09-26T03:30:04.187Z,Izmir,,,,,beklenmiyor
2026-09-26T03:30:04.246Z,Antalya,,,,,beklenmiyor
2026-09-26T03:30:04.303Z,Rize,,,,,beklenmiyor
2026-09-26T03:45:29.649Z,Istanbul,,,,,beklenmiyor
2026-09-26T03:45:29.772Z,Ankara,,,,,beklenmiyor
2026-09-26T03:45:29.848Z,Izmir,,,,,beklenmiyor
2026-09-26T03:45:29.959Z,Antalya,,,,,beklenmiyor
2026-09-26T03:45:30.036Z,Rize,,,,,beklenmiyor
2026-09-26T04:13:37.321Z,Istanbul,,,,,beklenmiyor
2026-09-26T04:13:37.406Z,Ankara,,,,,beklenmiyor
2026-09-26T04:13:37.453Z,Izmir,,,,,beklenmiyor
2026-09-26T04:13:37.566Z,Antalya,,,,,beklenmiyor
2026-09-26T04:13:37.609Z,Rize,,,,,beklenmiyor
2026-09-26T04:31:37.237Z,Istanbul,,,,,beklenmiyor
2026-09-26T04:31:37.289Z,Ankara,,,,,beklenmiyor
2026-09-26T04:31:37.326Z,Izmir,,,,,beklenmiyor
2026-09-26T04:31:37.350Z,Antalya,,,,,beklenmiyor
2026-09-26T04:31:37.377Z,Rize,,,,,beklenmiyor
2026-09-26T04:53:49.114Z,Istanbul,,,,,beklenmiyor
2026-09-26T04:53:49.179Z,Ankara,,,,,beklenmiyor
2026-09-26T04:53:49.263Z,Izmir,,,,,beklenmiyor
2026-09-26T04:53:49.348Z,Antalya,,,,,beklenmiyor
2026-09-26T04:53:49.390Z,Rize,,,,,beklenmiyor
2026-09-26T05:12:32.848Z,Istanbul,,,,,beklenmiyor
2026-09-26T05:12:32.897Z,Ankara,,,,,beklenmiyor
2026-09-26T05:12:32.980Z,Izmir,,,,,beklenmiyor
2026-09-26T05:12:33.029Z,Antalya,,,,,beklenmiyor
2026-09-26T05:12:33.111Z,Rize,rain,2026-09-26T09:00:00Z,227,0.32,bekleniyor
2026-09-26T05:28:45.254Z,Istanbul,,,,,beklenmiyor
2026-09-26T05:28:45.387Z,Ankara,,,,,beklenmiyor
2026-09-26T05:28:45.463Z,Izmir,,,,,beklenmiyor
2026-09-26T05:28:45.540Z,Antalya,,,,,beklenmiyor
2026-09-26T05:28:45.656Z,Rize,rain,2026-09-26T09:00:00Z,211,0.32,bekleniyor
2026-09-26T05:43:51.550Z,Istanbul,,,,,beklenmiyor
2026-09-26T05:43:51.628Z,Ankara,,,,,beklenmiyor
2026-09-26T05:43:51.746Z,Izmir,,,,,beklenmiyor
2026-09-26T05:43:51.825Z,Antalya,,,,,beklenmiyor
2026-09-26T05:43:51.901Z,Rize,rain,2026-09-26T09:00:00Z,196,0.32,bekleniyor
2026-09-26T05:55:30.224Z,Istanbul,,,,,beklenmiyor
2026-09-26T05:55:30.291Z,Ankara,,,,,beklenmiyor
2026-09-26T05:55:30.370Z,Izmir,,,,,beklenmiyor
2026-09-26T05:55:30.434Z,Antalya,,,,,beklenmiyor
2026-09-26T05:55:30.501Z,Rize,rain,2026-09-26T09:00:00Z,184,0.32,bekleniyor
2026-09-26T06:18:10.654Z,Istanbul,,,,,beklenmiyor
2026-09-26T06:18:10.732Z,Ankara,,,,,beklenmiyor
2026-09-26T06:18:10.800Z,Izmir,,,,,beklenmiyor
2026-09-26T06:18:10.844Z,Antalya,,,,,beklenmiyor
2026-09-26T06:18:10.886Z,Rize,rain,2026-09-26T09:00:00Z,162,0.32,bekleniyor
2026-09-26T06:45:25.253Z,Istanbul,,,,,beklenmiyor
2026-09-26T06:45:25.304Z,Ankara,,,,,beklenmiyor
2026-09-26T06:45:25.364Z,Izmir,,,,,beklenmiyor
2026-09-26T06:45:25.404Z,Antalya,,,,,beklenmiyor
2026-09-26T06:45:25.446Z,Rize,rain,2026-09-26T09:00:00Z,135,0.32,bekleniyor
2026-09-26T07:12:55.764Z,Istanbul,,,,,beklenmiyor
2026-09-26T07:12:55.839Z,Ankara,,,,,beklenmiyor
2026-09-26T07:12:55.893Z,Izmir,,,,,beklenmiyor
2026-09-26T07:12:55.956Z,Antalya,,,,,beklenmiyor
2026-09-26T07:12:56.010Z,Rize,,,,,beklenmiyor
2026-09-26T07:28:52.372Z,Istanbul,,,,,beklenmiyor
2026-09-26T07:28:52.459Z,Ankara,,,,,beklenmiyor
2026-09-26T07:28:52.499Z,Izmir,,,,,beklenmiyor
2026-09-26T07:28:52.580Z,Antalya,,,,,beklenmiyor
2026-09-26T07:28:52.625Z,Rize,,,,,beklenmiyor
2026-09-26T07:44:02.039Z,Istanbul,,,,,beklenmiyor
2026-09-26T07:44:02.167Z,Ankara,,,,,beklenmiyor
2026-09-26T07:44:02.205Z,Izmir,,,,,beklenmiyor
2026-09-26T07:44:02.253Z,Antalya,,,,,beklenmiyor
2026-09-26T07:44:02.293Z,Rize,,,,,beklenmiyor
2026-09-26T07:55:51.905Z,Istanbul,,,,,beklenmiyor
2026-09-26T07:55:51.987Z,Ankara,,,,,beklenmiyor
2026-09-26T07:55:52.065Z,Izmir,,,,,beklenmiyor
2026-09-26T07:55:52.122Z,Antalya,,,,,beklenmiyor
2026-09-26T07:55:52.173Z,Rize,,,,,beklenmiyor
2026-09-26T08:16:10.115Z,Istanbul,,,,,beklenmiyor
2026-09-26T08:16:10.161Z,Ankara,,,,,beklenmiyor
2026-09-26T08:16:10.181Z,Izmir,,,,,beklenmiyor
2026-09-26T08:16:10.227Z,Antalya,,,,,beklenmiyor
2026-09-26T08:16:10.246Z,Rize,,,,,beklenmiyor
2026-09-26T08:41:37.474Z,Istanbul,,,,,beklenmiyor
2026-09-26T08:41:37.534Z,Ankara,,,,,beklenmiyor
2026-09-26T08:41:37.582Z,Izmir,,,,,beklenmiyor
2026-09-26T08:41:37.619Z,Antalya,,,,,beklenmiyor
2026-09-26T08:41:37.659Z,Rize,,,,,beklenmiyor
2026-09-26T08:54:54.275Z,Istanbul,,,,,beklenmiyor
2026-09-26T08:54:54.395Z,Ankara,,,,,beklenmiyor
2026-09-26T08:54:54.469Z,Izmir,,,,,beklenmiyor
2026-09-26T08:54:54.543Z,Antalya,,,,,beklenmiyor
2026-09-26T08:54:54.617Z,Rize,,,,,beklenmiyor
2026-09-26T09:13:10.578Z,Istanbul,,,,,beklenmiyor
2026-09-26T09:13:10.627Z,Ankara,,,,,beklenmiyor
2026-09-26T09:13:10.648Z,Izmir,,,,,beklenmiyor
2026-09-26T09:13:10.666Z,Antalya,,,,,beklenmiyor
2026-09-26T09:13:10.719Z,Rize,,,,,beklenmiyor
2026-09-26T09:29:40.569Z,Istanbul,,,,,beklenmiyor
2026-09-26T09:29:40.642Z,Ankara,,,,,beklenmiyor
2026-09-26T09:29:40.701Z,Izmir,,,,,beklenmiyor
2026-09-26T09:29:40.743Z,Antalya,,,,,beklenmiyor
2026-09-26T09:29:40.786Z,Rize,,,,,beklenmiyor
2026-09-26T09:44:18.391Z,Istanbul,,,,,beklenmiyor
2026-09-26T09:44:18.479Z,Ankara,,,,,beklenmiyor
2026-09-26T09:44:18.523Z,Izmir,,,,,beklenmiyor
2026-09-26T09:44:18.612Z,Antalya,,,,,beklenmiyor
2026-09-26T09:44:18.658Z,Rize,,,,,beklenmiyor
2026-09-26T09:55:55.606Z,Istanbul,,,,,beklenmiyor
2026-09-26T09:55:55.657Z,Ankara,,,,,beklenmiyor
2026-09-26T09:55:55.679Z,Izmir,,,,,beklenmiyor
2026-09-26T09:55:55.730Z,Antalya,,,,,beklenmiyor
2026-09-26T09:55:55.747Z,Rize,,,,,beklenmiyor
2026-09-26T10:14:37.775Z,Istanbul,,,,,beklenmiyor
2026-09-26T10:14:37.842Z,Ankara,,,,,beklenmiyor
2026-09-26T10:14:37.877Z,Izmir,,,,,beklenmiyor
2026-09-26T10:14:37.920Z,Antalya,,,,,beklenmiyor
2026-09-26T10:14:37.938Z,Rize,,,,,beklenmiyor
2026-09-26T10:30:53.748Z,Istanbul,,,,,beklenmiyor
2026-09-26T10:30:53.836Z,Ankara,,,,,beklenmiyor
2026-09-26T10:30:53.908Z,Izmir,,,,,beklenmiyor
2026-09-26T10:30:53.952Z,Antalya,,,,,beklenmiyor
2026-09-26T10:30:53.995Z,Rize,,,,,beklenmiyor
2026-09-26T10:52:28.263Z,Istanbul,,,,,beklenmiyor
2026-09-26T10:52:28.316Z,Ankara,,,,,beklenmiyor
2026-09-26T10:52:28.368Z,Izmir,,,,,beklenmiyor
2026-09-26T10:52:28.395Z,Antalya,,,,,beklenmiyor
2026-09-26T10:52:28.419Z,Rize,,,,,beklenmiyor
2026-09-26T11:12:38.333Z,Istanbul,,,,,beklenmiyor
2026-09-26T11:12:38.412Z,Ankara,,,,,beklenmiyor
2026-09-26T11:12:38.517Z,Izmir,,,,,beklenmiyor
2026-09-26T11:12:38.554Z,Antalya,,,,,beklenmiyor
2026-09-26T11:12:38.593Z,Rize,,,,,beklenmiyor
2026-09-26T11:28:30.180Z,Istanbul,,,,,beklenmiyor
2026-09-26T11:28:30.241Z,Ankara,,,,,beklenmiyor
2026-09-26T11:28:30.265Z,Izmir,,,,,beklenmiyor
2026-09-26T11:28:30.319Z,Antalya,,,,,beklenmiyor
2026-09-26T11:28:30.350Z,Rize,,,,,beklenmiyor
2026-09-26T11:42:57.139Z,Istanbul,,,,,beklenmiyor
2026-09-26T11:42:57.229Z,Ankara,,,,,beklenmiyor
2026-09-26T11:42:57.275Z,Izmir,,,,,beklenmiyor
2026-09-26T11:42:57.356Z,Antalya,,,,,beklenmiyor
2026-09-26T11:42:57.408Z,Rize,,,,,beklenmiyor
2026-09-26T11:54:51.327Z,Istanbul,,,,,beklenmiyor
2026-09-26T11:54:51.408Z,Ankara,,,,,beklenmiyor
2026-09-26T11:54:51.470Z,Izmir,,,,,beklenmiyor
2026-09-26T11:54:51.497Z,Antalya,,,,,beklenmiyor
2026-09-26T11:54:51.519Z,Rize,,,,,beklenmiyor
2026-09-26T12:16:21.141Z,Istanbul,,,,,beklenmiyor
2026-09-26T12:16:21.208Z,Ankara,,,,,beklenmiyor
2026-09-26T12:16:21.267Z,Izmir,,,,,beklenmiyor
2026-09-26T12:16:21.323Z,Antalya,,,,,beklenmiyor
2026-09-26T12:16:21.378Z,Rize,,,,,beklenmiyor
2026-09-26T12:44:24.071Z,Istanbul,,,,,beklenmiyor
2026-09-26T12:44:24.120Z,Ankara,,,,,beklenmiyor
2026-09-26T12:44:24.141Z,Izmir,,,,,beklenmiyor
2026-09-26T12:44:24.160Z,Antalya,,,,,beklenmiyor
2026-09-26T12:44:24.205Z,Rize,,,,,beklenmiyor
2026-09-26T12:58:11.211Z,Istanbul,,,,,beklenmiyor
2026-09-26T12:58:11.285Z,Ankara,,,,,beklenmiyor
2026-09-26T12:58:11.340Z,Izmir,,,,,beklenmiyor
2026-09-26T12:58:11.398Z,Antalya,,,,,beklenmiyor
2026-09-26T12:58:11.454Z,Rize,,,,,beklenmiyor
2026-09-26T13:16:42.664Z,Istanbul,,,,,beklenmiyor
2026-09-26T13:16:42.757Z,Ankara,,,,,beklenmiyor
2026-09-26T13:16:42.802Z,Izmir,,,,,beklenmiyor
2026-09-26T13:16:42.859Z,Antalya,,,,,beklenmiyor
2026-09-26T13:16:42.945Z,Rize,,,,,beklenmiyor
2026-09-26T13:40:15.673Z,Istanbul,,,,,beklenmiyor
2026-09-26T13:40:15.749Z,Ankara,,,,,beklenmiyor
2026-09-26T13:40:15.814Z,Izmir,,,,,beklenmiyor
2026-09-26T13:40:15.867Z,Antalya,,,,,beklenmiyor
2026-09-26T13:40:15.922Z,Rize,,,,,beklenmiyor
2026-09-26T13:52:06.601Z,Istanbul,,,,,beklenmiyor
2026-09-26T13:52:06.661Z,Ankara,,,,,beklenmiyor
2026-09-26T13:52:06.694Z,Izmir,,,,,beklenmiyor
2026-09-26T13:52:06.751Z,Antalya,,,,,beklenmiyor
2026-09-26T13:52:06.784Z,Rize,,,,,beklenmiyor
2026-09-26T14:13:11.346Z,Istanbul,,,,,beklenmiyor
2026-09-26T14:13:11.373Z,Ankara,,,,,beklenmiyor
2026-09-26T14:13:11.421Z,Izmir,,,,,beklenmiyor
2026-09-26T14:13:11.451Z,Antalya,rain,2026-09-27T14:00:00Z,1427,0.31,bekleniyor
2026-09-26T14:13:11.487Z,Rize,,,,,beklenmiyor
2026-09-26T14:30:05.539Z,Istanbul,,,,,beklenmiyor
2026-09-26T14:30:05.587Z,Ankara,,,,,beklenmiyor
2026-09-26T14:30:05.697Z,Izmir,,,,,beklenmiyor
2026-09-26T14:30:05.798Z,Antalya,rain,2026-09-27T14:00:00Z,1410,0.31,bekleniyor
2026-09-26T14:30:05.874Z,Rize,,,,,beklenmiyor
2026-09-26T14:44:48.720Z,Istanbul,,,,,beklenmiyor
2026-09-26T14:44:48.744Z,Ankara,,,,,beklenmiyor
2026-09-26T14:44:48.786Z,Izmir,,,,,beklenmiyor
2026-09-26T14:44:48.810Z,Antalya,rain,2026-09-27T14:00:00Z,1395,0.31,bekleniyor
2026-09-26T14:44:48.873Z,Rize,,,,,beklenmiyor
2026-09-26T14:56:48.710Z,Istanbul,,,,,beklenmiyor
2026-09-26T14:56:48.808Z,Ankara,,,,,beklenmiyor
2026-09-26T14:56:48.862Z,Izmir,,,,,beklenmiyor
2026-09-26T14:56:48.959Z,Antalya,rain,2026-09-27T14:00:00Z,1383,0.31,bekleniyor
2026-09-26T14:56:49.018Z,Rize,,,,,beklenmiyor
2026-09-26T15:15:54.460Z,Istanbul,,,,,beklenmiyor
2026-09-26T15:15:54.513Z,Ankara,,,,,beklenmiyor
2026-09-26T15:15:54.678Z,Izmir,,,,,beklenmiyor
2026-09-26T15:15:54.721Z,Antalya,rain,2026-09-27T14:00:00Z,1364,0.31,bekleniyor
2026-09-26T15:15:54.915Z,Rize,rain,2026-09-27T15:00:00Z,1424,0.36,bekleniyor
2026-09-26T15:42:09.676Z,Istanbul,,,,,beklenmiyor
2026-09-26T15:42:09.752Z,Ankara,,,,,beklenmiyor
2026-09-26T15:42:09.830Z,Izmir,,,,,beklenmiyor
2026-09-26T15:42:09.915Z,Antalya,rain,2026-09-27T14:00:00Z,1338,0.31,bekleniyor
2026-09-26T15:42:09.980Z,Rize,rain,2026-09-27T15:00:00Z,1398,0.36,bekleniyor
2026-09-26T15:55:02.121Z,Istanbul,,,,,beklenmiyor
2026-09-26T15:55:02.170Z,Ankara,,,,,beklenmiyor
2026-09-26T15:55:02.198Z,Izmir,,,,,beklenmiyor
2026-09-26T15:55:02.234Z,Antalya,rain,2026-09-27T14:00:00Z,1325,0.31,bekleniyor
2026-09-26T15:55:02.262Z,Rize,rain,2026-09-27T15:00:00Z,1385,0.36,bekleniyor
2026-09-26T16:13:51.099Z,Istanbul,,,,,beklenmiyor
2026-09-26T16:13:51.189Z,Ankara,,,,,beklenmiyor
2026-09-26T16:13:51.267Z,Izmir,,,,,beklenmiyor
2026-09-26T16:13:51.339Z,Antalya,rain,2026-09-27T14:00:00Z,1306,0.31,bekleniyor
2026-09-26T16:13:51.405Z,Rize,rain,2026-09-27T15:00:00Z,1366,0.36,bekleniyor
2026-09-26T16:31:35.833Z,Istanbul,,,,,beklenmiyor
2026-09-26T16:31:35.912Z,Ankara,,,,,beklenmiyor
2026-09-26T16:31:35.946Z,Izmir,,,,,beklenmiyor
2026-09-26T16:31:36.021Z,Antalya,rain,2026-09-27T14:00:00Z,1288,0.31,bekleniyor
2026-09-26T16:31:36.062Z,Rize,rain,2026-09-27T15:00:00Z,1348,0.36,bekleniyor
2026-09-26T16:53:11.001Z,Istanbul,,,,,beklenmiyor
2026-09-26T16:53:11.082Z,Ankara,,,,,beklenmiyor
2026-09-26T16:53:11.188Z,Izmir,,,,,beklenmiyor
2026-09-26T16:53:11.257Z,Antalya,rain,2026-09-27T14:00:00Z,1267,0.31,bekleniyor
2026-09-26T16:53:11.325Z,Rize,rain,2026-09-27T15:00:00Z,1327,0.36,bekleniyor
2026-09-26T17:12:01.502Z,Istanbul,rain,2026-09-27T17:00:00Z,1428,0.35,bekleniyor
2026-09-26T17:12:01.632Z,Ankara,,,,,beklenmiyor
2026-09-26T17:12:01.683Z,Izmir,,,,,beklenmiyor
2026-09-26T17:12:01.735Z,Antalya,rain,2026-09-27T14:00:00Z,1248,0.31,bekleniyor
2026-09-26T17:12:01.788Z,Rize,rain,2026-09-27T15:00:00Z,1308,0.36,bekleniyor
2026-09-26T17:28:48.476Z,Istanbul,rain,2026-09-27T16:00:00Z,1351,0.38,bekleniyor
2026-09-26T17:28:48.533Z,Ankara,,,,,beklenmiyor
2026-09-26T17:28:48.590Z,Izmir,,,,,beklenmiyor
2026-09-26T17:28:48.629Z,Antalya,rain,2026-09-27T15:00:00Z,1291,0.37,bekleniyor
2026-09-26T17:28:48.674Z,Rize,rain,2026-09-27T15:00:00Z,1291,0.34,bekleniyor
2026-09-26T17:43:47.325Z,Istanbul,rain,2026-09-27T16:00:00Z,1336,0.38,bekleniyor
2026-09-26T17:43:47.377Z,Ankara,,,,,beklenmiyor
2026-09-26T17:43:47.549Z,Izmir,,,,,beklenmiyor
2026-09-26T17:43:47.707Z,Antalya,rain,2026-09-27T15:00:00Z,1276,0.37,bekleniyor
2026-09-26T17:43:47.948Z,Rize,rain,2026-09-27T15:00:00Z,1276,0.34,bekleniyor
2026-09-26T17:55:39.754Z,Istanbul,rain,2026-09-27T16:00:00Z,1324,0.38,bekleniyor
2026-09-26T17:55:39.828Z,Ankara,,,,,beklenmiyor
2026-09-26T17:55:39.870Z,Izmir,,,,,beklenmiyor
2026-09-26T17:55:39.911Z,Antalya,rain,2026-09-27T15:00:00Z,1264,0.37,bekleniyor
2026-09-26T17:55:39.931Z,Rize,rain,2026-09-27T15:00:00Z,1264,0.34,bekleniyor
2026-09-26T18:16:19.893Z,Istanbul,rain,2026-09-27T16:00:00Z,1304,0.38,bekleniyor
2026-09-26T18:16:19.952Z,Ankara,,,,,beklenmiyor
2026-09-26T18:16:20.025Z,Izmir,,,,,beklenmiyor
2026-09-26T18:16:20.079Z,Antalya,rain,2026-09-27T15:00:00Z,1244,0.37,bekleniyor
2026-09-26T18:16:20.143Z,Rize,rain,2026-09-27T15:00:00Z,1244,0.34,bekleniyor
2026-09-26T18:43:39.908Z,Istanbul,rain,2026-09-27T16:00:00Z,1276,0.38,bekleniyor
2026-09-26T18:43:39.956Z,Ankara,,,,,beklenmiyor
2026-09-26T18:43:40.004Z,Izmir,,,,,beklenmiyor
2026-09-26T18:43:40.104Z,Antalya,rain,2026-09-27T15:00:00Z,1216,0.37,bekleniyor
2026-09-26T18:43:40.152Z,Rize,rain,2026-09-27T15:00:00Z,1216,0.34,bekleniyor
2026-09-26T18:56:55.612Z,Istanbul,rain,2026-09-27T16:00:00Z,1263,0.38,bekleniyor
2026-09-26T18:56:55.694Z,Ankara,,,,,beklenmiyor
2026-09-26T18:56:55.780Z,Izmir,,,,,beklenmiyor
2026-09-26T18:56:55.815Z,Antalya,rain,2026-09-27T15:00:00Z,1203,0.37,bekleniyor
2026-09-26T18:56:55.853Z,Rize,rain,2026-09-27T15:00:00Z,1203,0.34,bekleniyor
2026-09-26T19:14:34.700Z,Istanbul,rain,2026-09-27T16:00:00Z,1245,0.38,bekleniyor
2026-09-26T19:14:34.762Z,Ankara,rain,2026-09-27T19:00:00Z,1425,0.31,bekleniyor
2026-09-26T19:14:34.812Z,Izmir,,,,,beklenmiyor
2026-09-26T19:14:34.852Z,Antalya,rain,2026-09-27T15:00:00Z,1185,0.37,bekleniyor
2026-09-26T19:14:34.890Z,Rize,rain,2026-09-27T15:00:00Z,1185,0.36,bekleniyor
2026-09-26T19:28:53.501Z,Istanbul,rain,2026-09-27T16:00:00Z,1231,0.34,bekleniyor
2026-09-26T19:28:53.570Z,Ankara,rain,2026-09-27T19:00:00Z,1411,0.31,bekleniyor
2026-09-26T19:28:53.624Z,Izmir,,,,,beklenmiyor
2026-09-26T19:28:53.663Z,Antalya,rain,2026-09-27T15:00:00Z,1171,0.32,bekleniyor
2026-09-26T19:28:53.706Z,Rize,rain,2026-09-27T15:00:00Z,1171,0.36,bekleniyor
2026-09-26T19:42:20.878Z,Istanbul,rain,2026-09-27T16:00:00Z,1218,0.34,bekleniyor
2026-09-26T19:42:20.919Z,Ankara,rain,2026-09-27T19:00:00Z,1398,0.31,bekleniyor
2026-09-26T19:42:20.980Z,Izmir,,,,,beklenmiyor
2026-09-26T19:42:21.019Z,Antalya,rain,2026-09-27T15:00:00Z,1158,0.32,bekleniyor
2026-09-26T19:42:21.060Z,Rize,rain,2026-09-27T15:00:00Z,1158,0.36,bekleniyor
2026-09-26T19:54:25.687Z,Istanbul,rain,2026-09-27T16:00:00Z,1206,0.34,bekleniyor
2026-09-26T19:54:25.737Z,Ankara,rain,2026-09-27T19:00:00Z,1386,0.31,bekleniyor
2026-09-26T19:54:25.767Z,Izmir,,,,,beklenmiyor
2026-09-26T19:54:25.791Z,Antalya,rain,2026-09-27T15:00:00Z,1146,0.32,bekleniyor
2026-09-26T19:54:25.893Z,Rize,rain,2026-09-27T15:00:00Z,1146,0.36,bekleniyor
2026-09-26T20:12:37.134Z,Istanbul,rain,2026-09-27T16:00:00Z,1187,0.34,bekleniyor
2026-09-26T20:12:37.265Z,Ankara,rain,2026-09-27T19:00:00Z,1367,0.31,bekleniyor
2026-09-26T20:12:37.344Z,Izmir,,,,,beklenmiyor
2026-09-26T20:12:37.422Z,Antalya,rain,2026-09-27T15:00:00Z,1127,0.32,bekleniyor
2026-09-26T20:12:37.501Z,Rize,rain,2026-09-27T15:00:00Z,1127,0.36,bekleniyor
2026-09-26T20:28:53.834Z,Istanbul,rain,2026-09-27T16:00:00Z,1171,0.34,bekleniyor
2026-09-26T20:28:53.910Z,Ankara,rain,2026-09-27T19:00:00Z,1351,0.31,bekleniyor
2026-09-26T20:28:53.978Z,Izmir,,,,,beklenmiyor
2026-09-26T20:28:54.002Z,Antalya,rain,2026-09-27T15:00:00Z,1111,0.32,bekleniyor
2026-09-26T20:28:54.032Z,Rize,rain,2026-09-27T15:00:00Z,1111,0.36,bekleniyor
2026-09-26T20:44:12.594Z,Istanbul,rain,2026-09-27T16:00:00Z,1156,0.34,bekleniyor
2026-09-26T20:44:12.723Z,Ankara,rain,2026-09-27T19:00:00Z,1336,0.31,bekleniyor
2026-09-26T20:44:12.801Z,Izmir,,,,,beklenmiyor
2026-09-26T20:44:12.912Z,Antalya,rain,2026-09-27T15:00:00Z,1096,0.32,bekleniyor
2026-09-26T20:44:13.030Z,Rize,rain,2026-09-27T15:00:00Z,1096,0.36,bekleniyor
2026-09-26T20:56:08.060Z,Istanbul,rain,2026-09-27T16:00:00Z,1144,0.34,bekleniyor
2026-09-26T20:56:08.190Z,Ankara,rain,2026-09-27T19:00:00Z,1324,0.31,bekleniyor
2026-09-26T20:56:08.548Z,Izmir,,,,,beklenmiyor
2026-09-26T20:56:08.783Z,Antalya,rain,2026-09-27T15:00:00Z,1084,0.32,bekleniyor
2026-09-26T20:56:08.904Z,Rize,rain,2026-09-27T15:00:00Z,1084,0.36,bekleniyor
2026-09-26T21:15:04.869Z,Istanbul,rain,2026-09-27T16:00:00Z,1125,0.34,bekleniyor
2026-09-26T21:15:04.924Z,Ankara,rain,2026-09-27T19:00:00Z,1305,0.31,bekleniyor
2026-09-26T21:15:04.950Z,Izmir,,,,,beklenmiyor
2026-09-26T21:15:04.982Z,Antalya,rain,2026-09-27T15:00:00Z,1065,0.32,bekleniyor
2026-09-26T21:15:05.003Z,Rize,rain,2026-09-27T15:00:00Z,1065,0.36,bekleniyor
2026-09-26T21:31:03.285Z,Istanbul,rain,2026-09-27T16:00:00Z,1109,0.34,bekleniyor
2026-09-26T21:31:03.367Z,Ankara,rain,2026-09-27T19:00:00Z,1289,0.31,bekleniyor
2026-09-26T21:31:03.502Z,Izmir,,,,,beklenmiyor
2026-09-26T21:31:03.622Z,Antalya,rain,2026-09-27T15:00:00Z,1049,0.32,bekleniyor
2026-09-26T21:31:03.711Z,Rize,rain,2026-09-27T15:00:00Z,1049,0.36,bekleniyor
2026-09-26T21:52:21.305Z,Istanbul,rain,2026-09-27T16:00:00Z,1088,0.34,bekleniyor
2026-09-26T21:52:21.360Z,Ankara,rain,2026-09-27T19:00:00Z,1268,0.31,bekleniyor
2026-09-26T21:52:21.385Z,Izmir,,,,,beklenmiyor
2026-09-26T21:52:21.432Z,Antalya,rain,2026-09-27T15:00:00Z,1028,0.32,bekleniyor
2026-09-26T21:52:21.455Z,Rize,rain,2026-09-27T15:00:00Z,1028,0.36,bekleniyor
2026-09-26T22:12:45.584Z,Istanbul,rain,2026-09-27T16:00:00Z,1067,0.34,bekleniyor
2026-09-26T22:12:45.719Z,Ankara,rain,2026-09-27T19:00:00Z,1247,0.31,bekleniyor
2026-09-26T22:12:45.853Z,Izmir,,,,,beklenmiyor
2026-09-26T22:12:46.008Z,Antalya,rain,2026-09-27T15:00:00Z,1007,0.32,bekleniyor
2026-09-26T22:12:46.150Z,Rize,rain,2026-09-27T15:00:00Z,1007,0.36,bekleniyor
2026-09-26T22:29:06.524Z,Istanbul,rain,2026-09-27T16:00:00Z,1051,0.34,bekleniyor
2026-09-26T22:29:06.552Z,Ankara,rain,2026-09-27T19:00:00Z,1231,0.31,bekleniyor
2026-09-26T22:29:06.604Z,Izmir,,,,,beklenmiyor
2026-09-26T22:29:06.632Z,Antalya,rain,2026-09-27T15:00:00Z,991,0.32,bekleniyor
2026-09-26T22:29:06.668Z,Rize,rain,2026-09-27T15:00:00Z,991,0.36,bekleniyor
2026-09-26T22:45:00.342Z,Istanbul,rain,2026-09-27T16:00:00Z,1035,0.34,bekleniyor
2026-09-26T22:45:00.437Z,Ankara,rain,2026-09-27T19:00:00Z,1215,0.31,bekleniyor
2026-09-26T22:45:00.492Z,Izmir,,,,,beklenmiyor
2026-09-26T22:45:00.544Z,Antalya,rain,2026-09-27T15:00:00Z,975,0.32,bekleniyor
2026-09-26T22:45:00.625Z,Rize,rain,2026-09-27T15:00:00Z,975,0.36,bekleniyor
2026-09-26T22:56:39.700Z,Istanbul,rain,2026-09-27T16:00:00Z,1023,0.34,bekleniyor
2026-09-26T22:56:39.766Z,Ankara,rain,2026-09-27T19:00:00Z,1203,0.31,bekleniyor
2026-09-26T22:56:39.816Z,Izmir,,,,,beklenmiyor
2026-09-26T22:56:39.884Z,Antalya,rain,2026-09-27T15:00:00Z,963,0.32,bekleniyor
2026-09-26T22:56:39.926Z,Rize,rain,2026-09-27T15:00:00Z,963,0.36,bekleniyor
2026-09-26T23:15:19.378Z,Istanbul,rain,2026-09-27T16:00:00Z,1005,0.34,bekleniyor
2026-09-26T23:15:19.439Z,Ankara,rain,2026-09-27T20:00:00Z,1245,0.34,bekleniyor
2026-09-26T23:15:19.480Z,Izmir,,,,,beklenmiyor
2026-09-26T23:15:19.523Z,Antalya,rain,2026-09-27T14:00:00Z,885,0.32,bekleniyor
2026-09-26T23:15:19.582Z,Rize,,,,,beklenmiyor
2026-09-26T23:40:03.383Z,Istanbul,rain,2026-09-27T17:00:00Z,1040,0.44,bekleniyor
2026-09-26T23:40:03.448Z,Ankara,rain,2026-09-27T20:00:00Z,1220,0.34,bekleniyor
2026-09-26T23:40:03.532Z,Izmir,,,,,beklenmiyor
2026-09-26T23:40:03.607Z,Antalya,rain,2026-09-27T14:00:00Z,860,0.32,bekleniyor
2026-09-26T23:40:03.667Z,Rize,,,,,beklenmiyor
2026-09-26T23:52:48.461Z,Istanbul,rain,2026-09-27T17:00:00Z,1027,0.44,bekleniyor
2026-09-26T23:52:48.527Z,Ankara,rain,2026-09-27T20:00:00Z,1207,0.34,bekleniyor
2026-09-26T23:52:48.568Z,Izmir,,,,,beklenmiyor
2026-09-26T23:52:48.626Z,Antalya,rain,2026-09-27T14:00:00Z,847,0.32,bekleniyor
2026-09-26T23:52:48.680Z,Rize,,,,,beklenmiyor
2026-09-27T00:20:20.825Z,Istanbul,rain,2026-09-27T17:00:00Z,1000,0.44,bekleniyor
2026-09-27T00:20:20.903Z,Ankara,rain,2026-09-27T20:00:00Z,1180,0.34,bekleniyor
2026-09-27T00:20:20.965Z,Izmir,,,,,beklenmiyor
2026-09-27T00:20:21.036Z,Antalya,rain,2026-09-27T14:00:00Z,820,0.32,bekleniyor
2026-09-27T00:20:21.107Z,Rize,,,,,beklenmiyor
2026-09-27T00:47:07.427Z,Istanbul,rain,2026-09-27T17:00:00Z,973,0.44,bekleniyor
2026-09-27T00:47:07.483Z,Ankara,rain,2026-09-27T20:00:00Z,1153,0.34,bekleniyor
2026-09-27T00:47:07.541Z,Izmir,,,,,beklenmiyor
2026-09-27T00:47:07.567Z,Antalya,rain,2026-09-27T14:00:00Z,793,0.32,bekleniyor
2026-09-27T00:47:07.592Z,Rize,,,,,beklenmiyor
2026-09-27T01:12:48.046Z,Istanbul,rain,2026-09-27T17:00:00Z,947,0.44,bekleniyor
2026-09-27T01:12:48.136Z,Ankara,rain,2026-09-27T20:00:00Z,1127,0.34,bekleniyor
2026-09-27T01:12:48.206Z,Izmir,,,,,beklenmiyor
2026-09-27T01:12:48.271Z,Antalya,rain,2026-09-27T14:00:00Z,767,0.41,bekleniyor
2026-09-27T01:12:48.364Z,Rize,,,,,beklenmiyor
2026-09-27T01:29:30.605Z,Istanbul,rain,2026-09-27T17:00:00Z,930,0.44,bekleniyor
2026-09-27T01:29:30.664Z,Ankara,rain,2026-09-27T20:00:00Z,1110,0.34,bekleniyor
2026-09-27T01:29:30.733Z,Izmir,,,,,beklenmiyor
2026-09-27T01:29:30.798Z,Antalya,rain,2026-09-27T14:00:00Z,750,0.41,bekleniyor
2026-09-27T01:29:30.853Z,Rize,,,,,beklenmiyor
2026-09-27T01:45:07.630Z,Istanbul,rain,2026-09-27T17:00:00Z,915,0.44,bekleniyor
2026-09-27T01:45:07.684Z,Ankara,rain,2026-09-27T20:00:00Z,1095,0.34,bekleniyor
2026-09-27T01:45:07.733Z,Izmir,,,,,beklenmiyor
2026-09-27T01:45:07.776Z,Antalya,rain,2026-09-27T14:00:00Z,735,0.41,bekleniyor
2026-09-27T01:45:07.853Z,Rize,,,,,beklenmiyor
2026-09-27T01:57:59.725Z,Istanbul,rain,2026-09-27T17:00:00Z,902,0.44,bekleniyor
2026-09-27T01:57:59.780Z,Ankara,rain,2026-09-27T20:00:00Z,1082,0.34,bekleniyor
2026-09-27T01:57:59.814Z,Izmir,,,,,beklenmiyor
2026-09-27T01:57:59.869Z,Antalya,rain,2026-09-27T14:00:00Z,722,0.41,bekleniyor
2026-09-27T01:57:59.921Z,Rize,,,,,beklenmiyor
2026-09-27T02:18:19.716Z,Istanbul,rain,2026-09-27T17:00:00Z,882,0.44,bekleniyor
2026-09-27T02:18:19.760Z,Ankara,rain,2026-09-27T20:00:00Z,1062,0.34,bekleniyor
2026-09-27T02:18:19.800Z,Izmir,,,,,beklenmiyor
2026-09-27T02:18:19.831Z,Antalya,rain,2026-09-27T14:00:00Z,702,0.41,bekleniyor
2026-09-27T02:18:19.859Z,Rize,,,,,beklenmiyor
2026-09-27T02:42:22.804Z,Istanbul,rain,2026-09-27T17:00:00Z,858,0.43,bekleniyor
2026-09-27T02:42:22.848Z,Ankara,rain,2026-09-27T20:00:00Z,1038,0.34,bekleniyor
2026-09-27T02:42:22.900Z,Izmir,,,,,beklenmiyor
2026-09-27T02:42:22.923Z,Antalya,rain,2026-09-27T14:00:00Z,678,0.41,bekleniyor
2026-09-27T02:42:22.975Z,Rize,,,,,beklenmiyor
2026-09-27T02:56:42.840Z,Istanbul,rain,2026-09-27T17:00:00Z,843,0.43,bekleniyor
2026-09-27T02:56:42.916Z,Ankara,rain,2026-09-27T20:00:00Z,1023,0.34,bekleniyor
2026-09-27T02:56:43.426Z,Izmir,,,,,beklenmiyor
2026-09-27T02:56:44.054Z,Antalya,rain,2026-09-27T14:00:00Z,663,0.41,bekleniyor
2026-09-27T02:56:44.993Z,Rize,,,,,beklenmiyor
2026-09-27T03:17:04.206Z,Istanbul,rain,2026-09-27T17:00:00Z,823,0.43,bekleniyor
2026-09-27T03:17:04.284Z,Ankara,rain,2026-09-27T20:00:00Z,1003,0.34,bekleniyor
2026-09-27T03:17:04.321Z,Izmir,,,,,beklenmiyor
2026-09-27T03:17:04.363Z,Antalya,rain,2026-09-27T14:00:00Z,643,0.41,bekleniyor
2026-09-27T03:17:04.401Z,Rize,,,,,beklenmiyor
2026-09-27T03:42:51.743Z,Istanbul,rain,2026-09-27T17:00:00Z,797,0.43,bekleniyor
2026-09-27T03:42:51.828Z,Ankara,rain,2026-09-27T20:00:00Z,977,0.34,bekleniyor
2026-09-27T03:42:51.876Z,Izmir,,,,,beklenmiyor
2026-09-27T03:42:51.936Z,Antalya,rain,2026-09-27T14:00:00Z,617,0.41,bekleniyor
2026-09-27T03:42:51.988Z,Rize,,,,,beklenmiyor
2026-09-27T03:56:55.368Z,Istanbul,rain,2026-09-27T17:00:00Z,783,0.43,bekleniyor
2026-09-27T03:56:55.446Z,Ankara,rain,2026-09-27T20:00:00Z,963,0.34,bekleniyor
2026-09-27T03:56:55.504Z,Izmir,,,,,beklenmiyor
2026-09-27T03:56:55.533Z,Antalya,rain,2026-09-27T14:00:00Z,603,0.41,bekleniyor
2026-09-27T03:56:55.573Z,Rize,,,,,beklenmiyor
2026-09-27T04:17:03.016Z,Istanbul,rain,2026-09-27T17:00:00Z,763,0.43,bekleniyor
2026-09-27T04:17:03.118Z,Ankara,rain,2026-09-27T20:00:00Z,943,0.34,bekleniyor
2026-09-27T04:17:03.182Z,Izmir,,,,,beklenmiyor
2026-09-27T04:17:03.274Z,Antalya,rain,2026-09-27T14:00:00Z,583,0.41,bekleniyor
2026-09-27T04:17:03.332Z,Rize,,,,,beklenmiyor
2026-09-27T04:42:32.656Z,Istanbul,rain,2026-09-27T17:00:00Z,737,0.43,bekleniyor
2026-09-27T04:42:32.715Z,Ankara,rain,2026-09-27T20:00:00Z,917,0.34,bekleniyor
2026-09-27T04:42:32.782Z,Izmir,,,,,beklenmiyor
2026-09-27T04:42:32.837Z,Antalya,rain,2026-09-27T14:00:00Z,557,0.41,bekleniyor
2026-09-27T04:42:32.893Z,Rize,,,,,beklenmiyor
2026-09-27T04:56:49.800Z,Istanbul,rain,2026-09-27T17:00:00Z,723,0.43,bekleniyor
2026-09-27T04:56:49.882Z,Ankara,rain,2026-09-27T20:00:00Z,903,0.34,bekleniyor
2026-09-27T04:56:49.929Z,Izmir,,,,,beklenmiyor
2026-09-27T04:56:49.978Z,Antalya,rain,2026-09-27T14:00:00Z,543,0.41,bekleniyor
2026-09-27T04:56:50.059Z,Rize,,,,,beklenmiyor
2026-09-27T05:14:54.794Z,Istanbul,rain,2026-09-27T17:00:00Z,705,0.43,bekleniyor
2026-09-27T05:14:54.848Z,Ankara,rain,2026-09-27T21:00:00Z,945,0.48,bekleniyor
2026-09-27T05:14:54.926Z,Izmir,,,,,beklenmiyor
2026-09-27T05:14:54.974Z,Antalya,rain,2026-09-27T13:00:00Z,465,0.31,bekleniyor
2026-09-27T05:14:55.061Z,Rize,rain,2026-09-27T16:00:00Z,645,0.33,bekleniyor
2026-09-27T05:31:28.034Z,Istanbul,rain,2026-09-27T17:00:00Z,689,0.4,bekleniyor
2026-09-27T05:31:28.090Z,Ankara,rain,2026-09-27T21:00:00Z,929,0.48,bekleniyor
2026-09-27T05:31:28.135Z,Izmir,rain,2026-09-27T13:00:00Z,449,0.3,bekleniyor
2026-09-27T05:31:28.166Z,Antalya,rain,2026-09-27T13:00:00Z,449,0.31,bekleniyor
2026-09-27T05:31:28.189Z,Rize,rain,2026-09-27T16:00:00Z,629,0.33,bekleniyor
2026-09-27T05:53:27.213Z,Istanbul,rain,2026-09-27T17:00:00Z,667,0.4,bekleniyor
2026-09-27T05:53:27.302Z,Ankara,rain,2026-09-27T21:00:00Z,907,0.48,bekleniyor
2026-09-27T05:53:27.367Z,Izmir,rain,2026-09-27T13:00:00Z,427,0.3,bekleniyor
2026-09-27T05:53:27.428Z,Antalya,rain,2026-09-27T13:00:00Z,427,0.31,bekleniyor
2026-09-27T05:53:27.504Z,Rize,rain,2026-09-27T16:00:00Z,607,0.33,bekleniyor
2026-09-27T06:17:49.800Z,Istanbul,rain,2026-09-27T17:00:00Z,642,0.4,bekleniyor
2026-09-27T06:17:49.822Z,Ankara,rain,2026-09-27T21:00:00Z,882,0.48,bekleniyor
2026-09-27T06:17:49.845Z,Izmir,rain,2026-09-27T13:00:00Z,402,0.3,bekleniyor
2026-09-27T06:17:49.891Z,Antalya,rain,2026-09-27T13:00:00Z,402,0.31,bekleniyor
2026-09-27T06:17:49.916Z,Rize,rain,2026-09-27T16:00:00Z,582,0.33,bekleniyor
2026-09-27T06:45:59.892Z,Istanbul,rain,2026-09-27T17:00:00Z,614,0.4,bekleniyor
2026-09-27T06:45:59.976Z,Ankara,rain,2026-09-27T21:00:00Z,854,0.48,bekleniyor
2026-09-27T06:46:00.033Z,Izmir,rain,2026-09-27T13:00:00Z,374,0.3,bekleniyor
2026-09-27T06:46:00.115Z,Antalya,rain,2026-09-27T13:00:00Z,374,0.31,bekleniyor
2026-09-27T06:46:00.181Z,Rize,rain,2026-09-27T16:00:00Z,554,0.33,bekleniyor
2026-09-27T07:13:51.814Z,Istanbul,rain,2026-09-27T17:00:00Z,586,0.4,bekleniyor
2026-09-27T07:13:51.960Z,Ankara,rain,2026-09-27T21:00:00Z,826,0.48,bekleniyor
2026-09-27T07:13:52.040Z,Izmir,rain,2026-09-27T13:00:00Z,346,0.3,bekleniyor
2026-09-27T07:13:52.117Z,Antalya,rain,2026-09-27T14:00:00Z,406,0.5,bekleniyor
2026-09-27T07:13:52.199Z,Rize,rain,2026-09-27T16:00:00Z,526,0.31,bekleniyor
2026-09-27T07:30:46.782Z,Istanbul,rain,2026-09-27T17:00:00Z,569,0.35,bekleniyor
2026-09-27T07:30:47.133Z,Ankara,rain,2026-09-27T20:00:00Z,749,0.36,bekleniyor
2026-09-27T07:30:47.346Z,Izmir,rain,2026-09-27T10:00:00Z,149,0.31,bekleniyor
2026-09-27T07:30:47.657Z,Antalya,rain,2026-09-27T14:00:00Z,389,0.5,bekleniyor
2026-09-27T07:30:47.971Z,Rize,rain,2026-09-27T16:00:00Z,509,0.31,bekleniyor
2026-09-27T07:53:26.352Z,Istanbul,rain,2026-09-27T17:00:00Z,547,0.35,bekleniyor
2026-09-27T07:53:26.433Z,Ankara,rain,2026-09-27T20:00:00Z,727,0.36,bekleniyor
2026-09-27T07:53:26.471Z,Izmir,rain,2026-09-27T10:00:00Z,127,0.31,bekleniyor
2026-09-27T07:53:26.552Z,Antalya,rain,2026-09-27T14:00:00Z,367,0.5,bekleniyor
2026-09-27T07:53:26.633Z,Rize,rain,2026-09-27T16:00:00Z,487,0.31,bekleniyor
2026-09-27T08:13:57.544Z,Istanbul,rain,2026-09-27T17:00:00Z,526,0.35,bekleniyor
2026-09-27T08:13:57.568Z,Ankara,rain,2026-09-27T20:00:00Z,706,0.36,bekleniyor
2026-09-27T08:13:57.586Z,Izmir,rain,2026-09-27T10:00:00Z,106,0.31,bekleniyor
2026-09-27T08:13:57.632Z,Antalya,rain,2026-09-27T14:00:00Z,346,0.5,bekleniyor
2026-09-27T08:13:57.653Z,Rize,rain,2026-09-27T16:00:00Z,466,0.31,bekleniyor
2026-09-27T08:31:53.983Z,Istanbul,rain,2026-09-27T17:00:00Z,508,0.35,bekleniyor
2026-09-27T08:31:54.060Z,Ankara,rain,2026-09-27T20:00:00Z,688,0.36,bekleniyor
2026-09-27T08:31:54.115Z,Izmir,rain,2026-09-27T10:00:00Z,88,0.31,bekleniyor
2026-09-27T08:31:54.170Z,Antalya,rain,2026-09-27T14:00:00Z,328,0.5,bekleniyor
2026-09-27T08:31:54.235Z,Rize,rain,2026-09-27T16:00:00Z,448,0.31,bekleniyor
2026-09-27T08:54:21.272Z,Istanbul,rain,2026-09-27T17:00:00Z,486,0.35,bekleniyor
2026-09-27T08:54:21.346Z,Ankara,rain,2026-09-27T20:00:00Z,666,0.36,bekleniyor
2026-09-27T08:54:21.410Z,Izmir,rain,2026-09-27T10:00:00Z,66,0.31,bekleniyor
2026-09-27T08:54:21.466Z,Antalya,rain,2026-09-27T14:00:00Z,306,0.5,bekleniyor
2026-09-27T08:54:21.521Z,Rize,rain,2026-09-27T16:00:00Z,426,0.31,bekleniyor
2026-09-27T09:13:17.232Z,Istanbul,rain,2026-09-27T17:00:00Z,467,0.35,bekleniyor
2026-09-27T09:13:17.281Z,Ankara,rain,2026-09-27T20:00:00Z,647,0.36,bekleniyor
2026-09-27T09:13:17.303Z,Izmir,rain,2026-09-27T10:00:00Z,47,0.31,bekleniyor
2026-09-27T09:13:17.351Z,Antalya,rain,2026-09-27T14:00:00Z,287,0.5,bekleniyor
2026-09-27T09:13:17.372Z,Rize,rain,2026-09-27T16:00:00Z,407,0.31,bekleniyor
2026-09-27T09:30:41.865Z,Istanbul,rain,2026-09-27T17:00:00Z,449,0.35,bekleniyor
2026-09-27T09:30:41.947Z,Ankara,rain,2026-09-27T20:00:00Z,629,0.36,bekleniyor
2026-09-27T09:30:42.012Z,Izmir,rain,2026-09-27T10:00:00Z,29,0.31,bekleniyor
2026-09-27T09:30:42.086Z,Antalya,rain,2026-09-27T14:00:00Z,269,0.5,bekleniyor
2026-09-27T09:30:42.149Z,Rize,rain,2026-09-27T16:00:00Z,389,0.31,bekleniyor
2026-09-27T09:53:32.425Z,Istanbul,rain,2026-09-27T17:00:00Z,426,0.35,bekleniyor
2026-09-27T09:53:32.547Z,Ankara,rain,2026-09-27T20:00:00Z,606,0.36,bekleniyor
2026-09-27T09:53:32.652Z,Izmir,rain,2026-09-27T10:00:00Z,6,0.31,bekleniyor
2026-09-27T09:53:32.769Z,Antalya,rain,2026-09-27T14:00:00Z,246,0.5,bekleniyor
2026-09-27T09:53:32.847Z,Rize,rain,2026-09-27T16:00:00Z,366,0.31,bekleniyor
2026-09-27T10:13:10.114Z,Istanbul,rain,2026-09-27T17:00:00Z,407,0.35,bekleniyor
2026-09-27T10:13:10.218Z,Ankara,rain,2026-09-27T20:00:00Z,587,0.36,bekleniyor
2026-09-27T10:13:10.248Z,Izmir,rain,2026-09-27T11:00:00Z,47,0.36,bekleniyor
2026-09-27T10:13:10.274Z,Antalya,rain,2026-09-27T14:00:00Z,227,0.5,bekleniyor
2026-09-27T10:13:10.303Z,Rize,rain,2026-09-27T16:00:00Z,347,0.31,bekleniyor
2026-09-27T10:29:46.474Z,Istanbul,rain,2026-09-27T17:00:00Z,390,0.35,bekleniyor
2026-09-27T10:29:46.549Z,Ankara,rain,2026-09-27T20:00:00Z,570,0.36,bekleniyor
2026-09-27T10:29:46.603Z,Izmir,rain,2026-09-27T11:00:00Z,30,0.36,bekleniyor
2026-09-27T10:29:46.658Z,Antalya,rain,2026-09-27T14:00:00Z,210,0.5,bekleniyor
2026-09-27T10:29:46.714Z,Rize,rain,2026-09-27T16:00:00Z,330,0.31,bekleniyor
2026-09-27T10:45:08.243Z,Istanbul,rain,2026-09-27T17:00:00Z,375,0.35,bekleniyor
2026-09-27T10:45:08.362Z,Ankara,rain,2026-09-27T20:00:00Z,555,0.36,bekleniyor
2026-09-27T10:45:08.441Z,Izmir,rain,2026-09-27T11:00:00Z,15,0.36,bekleniyor
2026-09-27T10:45:08.523Z,Antalya,rain,2026-09-27T14:00:00Z,195,0.5,bekleniyor
2026-09-27T10:45:08.606Z,Rize,rain,2026-09-27T16:00:00Z,315,0.31,bekleniyor
2026-09-27T11:12:53.704Z,Istanbul,rain,2026-09-27T17:00:00Z,347,0.35,bekleniyor
2026-09-27T11:12:53.759Z,Ankara,rain,2026-09-27T20:00:00Z,527,0.36,bekleniyor
2026-09-27T11:12:53.782Z,Izmir,rain,2026-09-27T12:00:00Z,47,0.38,bekleniyor
2026-09-27T11:12:53.831Z,Antalya,rain,2026-09-27T14:00:00Z,167,0.5,bekleniyor
2026-09-27T11:12:53.894Z,Rize,rain,2026-09-27T16:00:00Z,287,0.3,bekleniyor
2026-09-27T11:29:35.955Z,Istanbul,rain,2026-09-27T17:00:00Z,330,0.4,bekleniyor
2026-09-27T11:29:36.008Z,Ankara,rain,2026-09-27T20:00:00Z,510,0.36,bekleniyor
2026-09-27T11:29:36.051Z,Izmir,rain,2026-09-27T12:00:00Z,30,0.4,bekleniyor
2026-09-27T11:29:36.107Z,Antalya,rain,2026-09-27T14:00:00Z,150,0.44,bekleniyor
2026-09-27T11:29:36.165Z,Rize,rain,2026-09-27T16:00:00Z,270,0.3,bekleniyor
2026-09-27T11:44:44.232Z,Istanbul,rain,2026-09-27T17:00:00Z,315,0.4,bekleniyor
2026-09-27T11:44:44.332Z,Ankara,rain,2026-09-27T20:00:00Z,495,0.36,bekleniyor
2026-09-27T11:44:44.380Z,Izmir,rain,2026-09-27T12:00:00Z,15,0.4,bekleniyor
2026-09-27T11:44:44.426Z,Antalya,rain,2026-09-27T14:00:00Z,135,0.44,bekleniyor
2026-09-27T11:44:44.479Z,Rize,rain,2026-09-27T16:00:00Z,255,0.3,bekleniyor
2026-09-27T11:56:27.367Z,Istanbul,rain,2026-09-27T17:00:00Z,304,0.4,bekleniyor
2026-09-27T11:56:27.477Z,Ankara,rain,2026-09-27T20:00:00Z,484,0.36,bekleniyor
2026-09-27T11:56:27.598Z,Izmir,rain,2026-09-27T12:00:00Z,4,0.4,bekleniyor
2026-09-27T11:56:27.674Z,Antalya,rain,2026-09-27T14:00:00Z,124,0.44,bekleniyor
2026-09-27T11:56:27.749Z,Rize,rain,2026-09-27T16:00:00Z,244,0.3,bekleniyor
2026-09-27T12:20:27.693Z,Istanbul,rain,2026-09-27T17:00:00Z,280,0.4,bekleniyor
2026-09-27T12:20:27.745Z,Ankara,rain,2026-09-27T20:00:00Z,460,0.38,bekleniyor
2026-09-27T12:20:27.787Z,Izmir,rain,2026-09-27T13:00:00Z,40,0.36,bekleniyor
2026-09-27T12:20:27.901Z,Antalya,rain,2026-09-27T14:00:00Z,100,0.45,bekleniyor
2026-09-27T12:20:27.946Z,Rize,rain,2026-09-27T18:00:00Z,340,0.3,bekleniyor
2026-09-27T12:34:50.369Z,Istanbul,rain,2026-09-27T17:00:00Z,265,0.37,bekleniyor
2026-09-27T12:34:50.402Z,Ankara,rain,2026-09-27T20:00:00Z,445,0.38,bekleniyor
2026-09-27T12:34:50.472Z,Izmir,rain,2026-09-27T13:00:00Z,25,0.32,bekleniyor
2026-09-27T12:34:50.512Z,Antalya,rain,2026-09-27T14:00:00Z,85,0.45,bekleniyor
2026-09-27T12:34:50.549Z,Rize,rain,2026-09-27T18:00:00Z,325,0.3,bekleniyor
2026-09-27T12:34:50.603Z,Kadikoy,rain,2026-09-27T17:00:00Z,265,0.37,bekleniyor
2026-09-27T12:45:34.989Z,Istanbul,rain,2026-09-27T17:00:00Z,254,0.37,bekleniyor
2026-09-27T12:45:35.035Z,Ankara,rain,2026-09-27T20:00:00Z,434,0.38,bekleniyor
2026-09-27T12:45:35.090Z,Izmir,rain,2026-09-27T13:00:00Z,14,0.32,bekleniyor
2026-09-27T12:45:35.110Z,Antalya,rain,2026-09-27T14:00:00Z,74,0.45,bekleniyor
2026-09-27T12:45:35.154Z,Rize,rain,2026-09-27T18:00:00Z,314,0.3,bekleniyor
2026-09-27T12:45:35.174Z,Kadikoy,rain,2026-09-27T17:00:00Z,254,0.37,bekleniyor
2026-09-27T13:12:46.564Z,Istanbul,rain,2026-09-27T17:00:00Z,227,0.37,bekleniyor
2026-09-27T13:12:46.595Z,Ankara,rain,2026-09-27T20:00:00Z,407,0.38,bekleniyor
2026-09-27T13:12:46.645Z,Izmir,,,,,beklenmiyor
2026-09-27T13:12:46.662Z,Antalya,rain,2026-09-27T14:00:00Z,47,0.45,bekleniyor
2026-09-27T13:12:46.793Z,Rize,rain,2026-09-27T18:00:00Z,287,0.3,bekleniyor
2026-09-27T13:12:46.844Z,Kadikoy,rain,2026-09-27T17:00:00Z,227,0.37,bekleniyor
2026-09-27T13:29:22.280Z,Istanbul,rain,2026-09-27T17:00:00Z,211,0.38,bekleniyor
2026-09-27T13:29:22.347Z,Ankara,rain,2026-09-27T20:00:00Z,391,0.38,bekleniyor
2026-09-27T13:29:22.385Z,Izmir,,,,,beklenmiyor
2026-09-27T13:29:22.420Z,Antalya,rain,2026-09-27T14:00:00Z,31,0.45,bekleniyor
2026-09-27T13:29:22.457Z,Rize,rain,2026-09-28T10:00:00Z,1231,0.36,bekleniyor
2026-09-27T13:29:22.494Z,Kadikoy,rain,2026-09-27T17:00:00Z,211,0.38,bekleniyor
2026-09-27T13:44:22.658Z,Istanbul,rain,2026-09-27T17:00:00Z,196,0.38,bekleniyor
2026-09-27T13:44:22.716Z,Ankara,rain,2026-09-27T20:00:00Z,376,0.38,bekleniyor
2026-09-27T13:44:22.756Z,Izmir,,,,,beklenmiyor
2026-09-27T13:44:22.796Z,Antalya,rain,2026-09-27T14:00:00Z,16,0.45,bekleniyor
2026-09-27T13:44:22.838Z,Rize,rain,2026-09-28T10:00:00Z,1216,0.36,bekleniyor
2026-09-27T13:44:22.893Z,Kadikoy,rain,2026-09-27T17:00:00Z,196,0.38,bekleniyor
2026-09-27T13:57:09.528Z,Istanbul,rain,2026-09-27T17:00:00Z,183,0.38,bekleniyor
2026-09-27T13:57:09.555Z,Ankara,rain,2026-09-27T20:00:00Z,363,0.38,bekleniyor
2026-09-27T13:57:09.617Z,Izmir,,,,,beklenmiyor
2026-09-27T13:57:09.640Z,Antalya,rain,2026-09-27T14:00:00Z,3,0.45,bekleniyor
2026-09-27T13:57:09.725Z,Rize,rain,2026-09-28T10:00:00Z,1203,0.36,bekleniyor
2026-09-27T13:57:09.747Z,Kadikoy,rain,2026-09-27T17:00:00Z,183,0.38,bekleniyor
2026-09-27T14:15:11.087Z,Istanbul,rain,2026-09-27T17:00:00Z,165,0.38,bekleniyor
2026-09-27T14:15:11.125Z,Ankara,rain,2026-09-27T20:00:00Z,345,0.38,bekleniyor
2026-09-27T14:15:11.208Z,Izmir,,,,,beklenmiyor
2026-09-27T14:15:11.246Z,Antalya,rain,2026-09-27T15:00:00Z,45,0.46,bekleniyor
2026-09-27T14:15:11.375Z,Rize,rain,2026-09-28T10:00:00Z,1185,0.36,bekleniyor
2026-09-27T14:15:11.411Z,Kadikoy,rain,2026-09-27T17:00:00Z,165,0.38,bekleniyor
2026-09-27T14:41:13.628Z,Istanbul,rain,2026-09-27T17:00:00Z,139,0.38,bekleniyor
2026-09-27T14:41:13.704Z,Ankara,rain,2026-09-27T20:00:00Z,319,0.38,bekleniyor
2026-09-27T14:41:13.742Z,Izmir,,,,,beklenmiyor
2026-09-27T14:41:13.779Z,Antalya,rain,2026-09-27T15:00:00Z,19,0.46,bekleniyor
2026-09-27T14:41:13.817Z,Rize,rain,2026-09-28T10:00:00Z,1159,0.36,bekleniyor
2026-09-27T14:41:13.854Z,Kadikoy,rain,2026-09-27T17:00:00Z,139,0.38,bekleniyor
2026-09-27T14:53:57.533Z,Istanbul,rain,2026-09-27T17:00:00Z,126,0.38,bekleniyor
2026-09-27T14:53:57.620Z,Ankara,rain,2026-09-27T20:00:00Z,306,0.38,bekleniyor
2026-09-27T14:53:57.705Z,Izmir,,,,,beklenmiyor
2026-09-27T14:53:57.756Z,Antalya,rain,2026-09-27T15:00:00Z,6,0.46,bekleniyor
2026-09-27T14:53:57.803Z,Rize,rain,2026-09-28T10:00:00Z,1146,0.36,bekleniyor
2026-09-27T14:53:57.894Z,Kadikoy,rain,2026-09-27T17:00:00Z,126,0.38,bekleniyor
2026-09-27T15:13:13.857Z,Istanbul,rain,2026-09-27T17:00:00Z,107,0.38,bekleniyor
2026-09-27T15:13:13.916Z,Ankara,rain,2026-09-27T20:00:00Z,287,0.38,bekleniyor
2026-09-27T15:13:13.999Z,Izmir,,,,,beklenmiyor
2026-09-27T15:13:14.061Z,Antalya,rain,2026-09-27T16:00:00Z,47,0.43,bekleniyor
2026-09-27T15:13:14.251Z,Rize,rain,2026-09-28T10:00:00Z,1127,0.36,bekleniyor
2026-09-27T15:13:14.337Z,Kadikoy,rain,2026-09-27T17:00:00Z,107,0.38,bekleniyor
2026-09-27T15:29:54.112Z,Istanbul,rain,2026-09-27T17:00:00Z,90,0.38,bekleniyor
2026-09-27T15:29:54.216Z,Ankara,rain,2026-09-27T20:00:00Z,270,0.38,bekleniyor
2026-09-27T15:29:54.266Z,Izmir,,,,,beklenmiyor
2026-09-27T15:29:54.326Z,Antalya,rain,2026-09-27T16:00:00Z,30,0.43,bekleniyor
2026-09-27T15:29:54.419Z,Rize,rain,2026-09-28T10:00:00Z,1110,0.36,bekleniyor
2026-09-27T15:29:54.473Z,Kadikoy,rain,2026-09-27T17:00:00Z,90,0.38,bekleniyor
2026-09-27T15:45:08.902Z,Istanbul,rain,2026-09-27T17:00:00Z,75,0.38,bekleniyor
2026-09-27T15:45:08.974Z,Ankara,rain,2026-09-27T20:00:00Z,255,0.38,bekleniyor
2026-09-27T15:45:09.031Z,Izmir,,,,,beklenmiyor
2026-09-27T15:45:09.097Z,Antalya,rain,2026-09-27T16:00:00Z,15,0.43,bekleniyor
2026-09-27T15:45:09.160Z,Rize,rain,2026-09-28T10:00:00Z,1095,0.36,bekleniyor
2026-09-27T15:45:09.217Z,Kadikoy,rain,2026-09-27T17:00:00Z,75,0.38,bekleniyor
2026-09-27T15:56:48.087Z,Istanbul,rain,2026-09-27T17:00:00Z,63,0.38,bekleniyor
2026-09-27T15:56:48.134Z,Ankara,rain,2026-09-27T20:00:00Z,243,0.38,bekleniyor
2026-09-27T15:56:48.184Z,Izmir,,,,,beklenmiyor
2026-09-27T15:56:48.235Z,Antalya,rain,2026-09-27T16:00:00Z,3,0.43,bekleniyor
2026-09-27T15:56:48.260Z,Rize,rain,2026-09-28T10:00:00Z,1083,0.36,bekleniyor
2026-09-27T15:56:48.286Z,Kadikoy,rain,2026-09-27T17:00:00Z,63,0.38,bekleniyor
2026-09-27T16:16:51.599Z,Istanbul,rain,2026-09-27T17:00:00Z,43,0.38,bekleniyor
2026-09-27T16:16:52.054Z,Ankara,rain,2026-09-27T20:00:00Z,223,0.38,bekleniyor
2026-09-27T16:16:52.112Z,Izmir,,,,,beklenmiyor
2026-09-27T16:16:52.160Z,Antalya,rain,2026-09-27T17:00:00Z,43,0.46,bekleniyor
2026-09-27T16:16:52.309Z,Rize,rain,2026-09-28T10:00:00Z,1063,0.36,bekleniyor
2026-09-27T16:16:52.352Z,Kadikoy,rain,2026-09-27T17:00:00Z,43,0.38,bekleniyor
2026-09-27T16:41:58.433Z,Istanbul,rain,2026-09-27T17:00:00Z,18,0.38,bekleniyor
2026-09-27T16:41:58.517Z,Ankara,rain,2026-09-27T20:00:00Z,198,0.38,bekleniyor
2026-09-27T16:41:58.590Z,Izmir,,,,,beklenmiyor
2026-09-27T16:41:58.653Z,Antalya,rain,2026-09-27T17:00:00Z,18,0.46,bekleniyor
2026-09-27T16:41:58.716Z,Rize,rain,2026-09-28T10:00:00Z,1038,0.36,bekleniyor
2026-09-27T16:41:58.780Z,Kadikoy,rain,2026-09-27T17:00:00Z,18,0.38,bekleniyor
2026-09-27T16:55:17.569Z,Istanbul,rain,2026-09-27T17:00:00Z,5,0.38,bekleniyor
2026-09-27T16:55:17.621Z,Ankara,rain,2026-09-27T20:00:00Z,185,0.38,bekleniyor
2026-09-27T16:55:17.646Z,Izmir,,,,,beklenmiyor
2026-09-27T16:55:17.713Z,Antalya,rain,2026-09-27T17:00:00Z,5,0.46,bekleniyor
2026-09-27T16:55:17.752Z,Rize,rain,2026-09-28T10:00:00Z,1025,0.36,bekleniyor
2026-09-27T16:55:17.772Z,Kadikoy,rain,2026-09-27T17:00:00Z,5,0.38,bekleniyor
2026-09-27T17:12:33.368Z,Istanbul,rain,2026-09-27T18:00:00Z,47,0.5,bekleniyor
2026-09-27T17:12:33.774Z,Ankara,rain,2026-09-27T20:00:00Z,167,0.38,bekleniyor
2026-09-27T17:12:33.829Z,Izmir,,,,,beklenmiyor
2026-09-27T17:12:33.894Z,Antalya,rain,2026-09-27T18:00:00Z,47,0.55,bekleniyor
2026-09-27T17:12:34.071Z,Rize,rain,2026-09-28T10:00:00Z,1007,0.36,bekleniyor
2026-09-27T17:12:34.137Z,Kadikoy,rain,2026-09-27T18:00:00Z,47,0.48,bekleniyor
2026-09-27T17:28:40.713Z,Istanbul,rain,2026-09-27T18:00:00Z,31,0.48,bekleniyor
2026-09-27T17:28:40.829Z,Ankara,rain,2026-09-27T20:00:00Z,151,0.36,bekleniyor
2026-09-27T17:28:40.922Z,Izmir,,,,,beklenmiyor
2026-09-27T17:28:40.980Z,Antalya,rain,2026-09-27T18:00:00Z,31,0.52,bekleniyor
2026-09-27T17:28:41.038Z,Rize,rain,2026-09-27T18:00:00Z,31,0.31,bekleniyor
2026-09-27T17:28:41.288Z,Kadikoy,rain,2026-09-27T18:00:00Z,31,0.46,bekleniyor
2026-09-27T17:43:29.968Z,Istanbul,rain,2026-09-27T18:00:00Z,17,0.48,bekleniyor
2026-09-27T17:43:30.003Z,Ankara,rain,2026-09-27T20:00:00Z,136,0.36,bekleniyor
2026-09-27T17:43:30.023Z,Izmir,,,,,beklenmiyor
2026-09-27T17:43:30.079Z,Antalya,rain,2026-09-27T18:00:00Z,16,0.52,bekleniyor
2026-09-27T17:43:30.141Z,Rize,rain,2026-09-27T18:00:00Z,16,0.31,bekleniyor
2026-09-27T17:43:30.164Z,Kadikoy,rain,2026-09-27T18:00:00Z,16,0.46,bekleniyor
2026-09-27T17:55:15.693Z,Istanbul,rain,2026-09-27T18:00:00Z,5,0.48,bekleniyor
2026-09-27T17:55:15.714Z,Ankara,rain,2026-09-27T20:00:00Z,125,0.36,bekleniyor
2026-09-27T17:55:15.765Z,Izmir,,,,,beklenmiyor
2026-09-27T17:55:15.789Z,Antalya,rain,2026-09-27T18:00:00Z,5,0.52,bekleniyor
2026-09-27T17:55:15.809Z,Rize,rain,2026-09-27T18:00:00Z,5,0.31,bekleniyor
2026-09-27T17:55:15.828Z,Kadikoy,rain,2026-09-27T18:00:00Z,5,0.46,bekleniyor
2026-09-27T18:15:57.156Z,Istanbul,rain,2026-09-27T19:00:00Z,44,0.55,bekleniyor
2026-09-27T18:15:57.410Z,Ankara,rain,2026-09-27T20:00:00Z,104,0.36,bekleniyor
2026-09-27T18:15:57.484Z,Izmir,,,,,beklenmiyor
2026-09-27T18:15:57.538Z,Antalya,rain,2026-09-27T19:00:00Z,44,0.51,bekleniyor
2026-09-27T18:15:57.715Z,Rize,rain,2026-09-27T20:00:00Z,104,0.31,bekleniyor
2026-09-27T18:15:57.769Z,Kadikoy,rain,2026-09-27T19:00:00Z,44,0.54,bekleniyor
2026-09-27T18:43:47.719Z,Istanbul,rain,2026-09-27T19:00:00Z,16,0.55,bekleniyor
2026-09-27T18:43:47.823Z,Ankara,rain,2026-09-27T20:00:00Z,76,0.36,bekleniyor
2026-09-27T18:43:47.967Z,Izmir,,,,,beklenmiyor
2026-09-27T18:43:48.118Z,Antalya,rain,2026-09-27T19:00:00Z,16,0.51,bekleniyor
2026-09-27T18:43:48.219Z,Rize,rain,2026-09-27T20:00:00Z,76,0.31,bekleniyor
2026-09-27T18:43:48.283Z,Kadikoy,rain,2026-09-27T19:00:00Z,16,0.54,bekleniyor
2026-09-27T18:57:54.559Z,Istanbul,rain,2026-09-27T19:00:00Z,2,0.55,bekleniyor
2026-09-27T18:57:54.630Z,Ankara,rain,2026-09-27T20:00:00Z,62,0.36,bekleniyor
2026-09-27T18:57:54.710Z,Izmir,,,,,beklenmiyor
2026-09-27T18:57:54.791Z,Antalya,rain,2026-09-27T19:00:00Z,2,0.51,bekleniyor
2026-09-27T18:57:54.854Z,Rize,rain,2026-09-27T20:00:00Z,62,0.31,bekleniyor
2026-09-27T18:57:54.932Z,Kadikoy,rain,2026-09-27T19:00:00Z,2,0.54,bekleniyor
2026-09-27T19:15:27.198Z,Istanbul,rain,2026-09-27T20:00:00Z,45,0.59,bekleniyor
2026-09-27T19:15:27.611Z,Ankara,rain,2026-09-27T20:00:00Z,45,0.43,bekleniyor
2026-09-27T19:15:27.814Z,Izmir,,,,,beklenmiyor
2026-09-27T19:15:27.878Z,Antalya,rain,2026-09-27T20:00:00Z,45,0.52,bekleniyor
2026-09-27T19:15:28.065Z,Rize,rain,2026-09-28T10:00:00Z,885,0.4,bekleniyor
2026-09-27T19:15:28.134Z,Kadikoy,rain,2026-09-27T20:00:00Z,45,0.54,bekleniyor
2026-09-27T19:40:00.932Z,Istanbul,rain,2026-09-27T20:00:00Z,20,0.57,bekleniyor
2026-09-27T19:40:00.977Z,Ankara,rain,2026-09-27T20:00:00Z,20,0.43,bekleniyor
2026-09-27T19:40:01.026Z,Izmir,,,,,beklenmiyor
2026-09-27T19:40:01.067Z,Antalya,rain,2026-09-27T20:00:00Z,20,0.52,bekleniyor
2026-09-27T19:40:01.130Z,Rize,rain,2026-09-28T10:00:00Z,860,0.4,bekleniyor
2026-09-27T19:40:01.176Z,Kadikoy,rain,2026-09-27T20:00:00Z,20,0.54,bekleniyor
2026-09-27T19:51:58.247Z,Istanbul,rain,2026-09-27T20:00:00Z,8,0.57,bekleniyor
2026-09-27T19:51:58.312Z,Ankara,rain,2026-09-27T20:00:00Z,8,0.43,bekleniyor
2026-09-27T19:51:58.336Z,Izmir,,,,,beklenmiyor
2026-09-27T19:51:58.373Z,Antalya,rain,2026-09-27T20:00:00Z,8,0.52,bekleniyor
2026-09-27T19:51:58.409Z,Rize,rain,2026-09-28T10:00:00Z,848,0.4,bekleniyor
2026-09-27T19:51:58.434Z,Kadikoy,rain,2026-09-27T20:00:00Z,8,0.54,bekleniyor
2026-09-27T20:13:11.030Z,Istanbul,rain,2026-09-27T21:00:00Z,47,0.61,bekleniyor
2026-09-27T20:13:11.576Z,Ankara,rain,2026-09-27T21:00:00Z,47,0.41,bekleniyor
2026-09-27T20:13:11.949Z,Izmir,,,,,beklenmiyor
2026-09-27T20:13:12.032Z,Antalya,rain,2026-09-27T21:00:00Z,47,0.54,bekleniyor
2026-09-27T20:13:12.319Z,Rize,rain,2026-09-28T10:00:00Z,827,0.4,bekleniyor
2026-09-27T20:13:12.399Z,Kadikoy,rain,2026-09-27T21:00:00Z,47,0.6,bekleniyor
2026-09-27T20:29:55.378Z,Istanbul,rain,2026-09-27T21:00:00Z,30,0.61,bekleniyor
2026-09-27T20:29:55.445Z,Ankara,rain,2026-09-27T21:00:00Z,30,0.41,bekleniyor
2026-09-27T20:29:55.484Z,Izmir,,,,,beklenmiyor
2026-09-27T20:29:55.571Z,Antalya,rain,2026-09-27T21:00:00Z,30,0.54,bekleniyor
2026-09-27T20:29:55.648Z,Rize,rain,2026-09-28T10:00:00Z,810,0.4,bekleniyor
2026-09-27T20:29:55.682Z,Kadikoy,rain,2026-09-27T21:00:00Z,30,0.6,bekleniyor
2026-09-27T20:45:14.320Z,Istanbul,rain,2026-09-27T21:00:00Z,15,0.61,bekleniyor
2026-09-27T20:45:14.414Z,Ankara,rain,2026-09-27T21:00:00Z,15,0.41,bekleniyor
2026-09-27T20:45:14.506Z,Izmir,,,,,beklenmiyor
2026-09-27T20:45:14.571Z,Antalya,rain,2026-09-27T21:00:00Z,15,0.54,bekleniyor
2026-09-27T20:45:14.640Z,Rize,rain,2026-09-28T10:00:00Z,795,0.4,bekleniyor
2026-09-27T20:45:14.705Z,Kadikoy,rain,2026-09-27T21:00:00Z,15,0.6,bekleniyor
2026-09-27T21:13:05.683Z,Istanbul,rain,2026-09-27T22:00:00Z,47,0.61,bekleniyor
2026-09-27T21:13:05.890Z,Ankara,rain,2026-09-27T22:00:00Z,47,0.46,bekleniyor
2026-09-27T21:13:05.974Z,Izmir,,,,,beklenmiyor
2026-09-27T21:13:06.022Z,Antalya,rain,2026-09-27T22:00:00Z,47,0.46,bekleniyor
2026-09-27T21:13:06.110Z,Rize,rain,2026-09-28T10:00:00Z,767,0.4,bekleniyor
2026-09-27T21:13:06.166Z,Kadikoy,rain,2026-09-27T22:00:00Z,47,0.61,bekleniyor
2026-09-27T21:29:39.568Z,Istanbul,rain,2026-09-27T22:00:00Z,30,0.61,bekleniyor
2026-09-27T21:29:39.623Z,Ankara,rain,2026-09-27T22:00:00Z,30,0.46,bekleniyor
2026-09-27T21:29:39.680Z,Izmir,,,,,beklenmiyor
2026-09-27T21:29:39.738Z,Antalya,rain,2026-09-27T22:00:00Z,30,0.46,bekleniyor
2026-09-27T21:29:39.777Z,Rize,rain,2026-09-28T10:00:00Z,750,0.4,bekleniyor
2026-09-27T21:29:39.824Z,Kadikoy,rain,2026-09-27T22:00:00Z,30,0.61,bekleniyor
2026-09-27T21:44:28.594Z,Istanbul,rain,2026-09-27T22:00:00Z,16,0.61,bekleniyor
2026-09-27T21:44:28.625Z,Ankara,rain,2026-09-27T22:00:00Z,16,0.46,bekleniyor
2026-09-27T21:44:28.676Z,Izmir,,,,,beklenmiyor
2026-09-27T21:44:28.701Z,Antalya,rain,2026-09-27T22:00:00Z,16,0.46,bekleniyor
2026-09-27T21:44:28.756Z,Rize,rain,2026-09-28T10:00:00Z,736,0.4,bekleniyor
2026-09-27T21:44:28.781Z,Kadikoy,rain,2026-09-27T22:00:00Z,16,0.61,bekleniyor
2026-09-27T21:56:39.339Z,Istanbul,rain,2026-09-27T22:00:00Z,3,0.61,bekleniyor
2026-09-27T21:56:39.408Z,Ankara,rain,2026-09-27T22:00:00Z,3,0.46,bekleniyor
2026-09-27T21:56:39.454Z,Izmir,,,,,beklenmiyor
2026-09-27T21:56:39.478Z,Antalya,rain,2026-09-27T22:00:00Z,3,0.46,bekleniyor
2026-09-27T21:56:39.499Z,Rize,rain,2026-09-28T10:00:00Z,723,0.4,bekleniyor
2026-09-27T21:56:39.524Z,Kadikoy,rain,2026-09-27T22:00:00Z,3,0.61,bekleniyor
2026-09-27T22:16:08.944Z,Istanbul,rain,2026-09-27T23:00:00Z,44,0.63,bekleniyor
2026-09-27T22:16:09.447Z,Ankara,rain,2026-09-27T23:00:00Z,44,0.51,bekleniyor
2026-09-27T22:16:09.621Z,Izmir,,,,,beklenmiyor
2026-09-27T22:16:09.800Z,Antalya,rain,2026-09-27T23:00:00Z,44,0.35,bekleniyor
2026-09-27T22:16:10.052Z,Rize,rain,2026-09-28T10:00:00Z,704,0.45,bekleniyor
2026-09-27T22:16:10.200Z,Kadikoy,rain,2026-09-27T23:00:00Z,44,0.72,bekleniyor
2026-09-27T22:42:09.195Z,Istanbul,rain,2026-09-27T23:00:00Z,18,0.7,bekleniyor
2026-09-27T22:42:09.267Z,Ankara,rain,2026-09-27T23:00:00Z,18,0.51,bekleniyor
2026-09-27T22:42:09.328Z,Izmir,,,,,beklenmiyor
2026-09-27T22:42:09.362Z,Antalya,rain,2026-09-27T23:00:00Z,18,0.35,bekleniyor
2026-09-27T22:42:09.414Z,Rize,rain,2026-09-28T10:00:00Z,678,0.45,bekleniyor
2026-09-27T22:42:09.458Z,Kadikoy,rain,2026-09-27T23:00:00Z,18,0.72,bekleniyor
2026-09-27T22:54:57.138Z,Istanbul,rain,2026-09-27T23:00:00Z,5,0.7,bekleniyor
2026-09-27T22:54:57.256Z,Ankara,rain,2026-09-27T23:00:00Z,5,0.51,bekleniyor
2026-09-27T22:54:57.375Z,Izmir,,,,,beklenmiyor
2026-09-27T22:54:57.436Z,Antalya,rain,2026-09-27T23:00:00Z,5,0.35,bekleniyor
2026-09-27T22:54:57.510Z,Rize,rain,2026-09-28T10:00:00Z,665,0.45,bekleniyor
2026-09-27T22:54:57.556Z,Kadikoy,rain,2026-09-27T23:00:00Z,5,0.72,bekleniyor
