zaman,sehir,hedef_saat,ilk_yagmur_dk,60dk_toplam_mm,en_yogun_dk_mm,durum
2026-09-27T12:20:27.787Z,Izmir,2026-09-27T13:00:00Z,,0.00,0.00,ok
2026-09-27T13:12:46.662Z,Antalya,2026-09-27T14:00:00Z,9,10.69,0.24,ok
2026-09-27T14:15:11.246Z,Antalya,2026-09-27T15:00:00Z,3,26.38,0.75,ok
2026-09-27T15:13:14.061Z,Antalya,2026-09-27T16:00:00Z,22,6.24,0.18,ok
2026-09-27T16:16:51.599Z,Istanbul,2026-09-27T17:00:00Z,,0.00,0.00,ok
2026-09-27T16:16:52.160Z,Antalya,2026-09-27T17:00:00Z,,0.00,0.00,ok
2026-09-27T16:16:52.352Z,Kadikoy,2026-09-27T17:00:00Z,,0.00,0.00,ok
2026-09-27T17:12:33.368Z,Istanbul,2026-09-27T18:00:00Z,,0.00,0.00,ok
2026-09-27T17:12:33.894Z,Antalya,2026-09-27T18:00:00Z,,0.00,0.00,ok
2026-09-27T17:12:34.137Z,Kadikoy,2026-09-27T18:00:00Z,,0.00,0.00,ok
2026-09-27T17:28:41.038Z,Rize,2026-09-27T18:00:00Z,,0.00,0.00,ok
2026-09-27T18:15:57.156Z,Istanbul,2026-09-27T19:00:00Z,0,53.32,1.33,ok
2026-09-27T18:15:57.538Z,Antalya,2026-09-27T19:00:00Z,,0.00,0.00,ok
2026-09-27T18:15:57.769Z,Kadikoy,2026-09-27T19:00:00Z,22,10.16,0.49,ok
2026-09-27T19:15:27.198Z,Istanbul,2026-09-27T20:00:00Z,40,6.48,0.65,ok
2026-09-27T19:15:27.611Z,Ankara,2026-09-27T20:00:00Z,,0.00,0.00,ok
2026-09-27T19:15:27.878Z,Antalya,2026-09-27T20:00:00Z,1,34.43,1.33,ok
2026-09-27T19:15:28.134Z,Kadikoy,2026-09-27T20:00:00Z,10,23.82,0.65,ok
2026-09-27T20:13:11.030Z,Istanbul,2026-09-27T21:00:00Z,45,2.64,0.25,ok
2026-09-27T20:13:11.576Z,Ankara,2026-09-27T21:00:00Z,27,5.34,0.27,ok
2026-09-27T20:13:12.032Z,Antalya,2026-09-27T21:00:00Z,,0.00,0.00,ok
2026-09-27T20:13:12.399Z,Kadikoy,2026-09-27T21:00:00Z,12,18.66,0.65,ok
2026-09-27T21:13:05.683Z,Istanbul,2026-09-27T22:00:00Z,1,9.57,0.86,ok
2026-09-27T21:13:05.890Z,Ankara,2026-09-27T22:00:00Z,1,10.62,0.42,ok
2026-09-27T21:13:06.022Z,Antalya,2026-09-27T22:00:00Z,,0.00,0.00,ok
2026-09-27T21:13:06.166Z,Kadikoy,2026-09-27T22:00:00Z,24,18.73,0.82,ok
2026-09-27T22:16:08.944Z,Istanbul,2026-09-27T23:00:00Z,,0.00,0.00,ok
2026-09-27T22:16:09.447Z,Ankara,2026-09-27T23:00:00Z,,0.00,0.00,ok
2026-09-27T22:16:09.800Z,Antalya,2026-09-27T23:00:00Z,,0.00,0.00,ok
2026-09-27T22:16:10.200Z,Kadikoy,2026-09-27T23:00:00Z,44,2.36,0.18,ok
2026-09-27T23:12:36.226Z,Istanbul,2026-09-28T00:00:00Z,,0.00,0.00,ok
2026-09-27T23:12:36.649Z,Ankara,2026-09-28T00:00:00Z,,0.00,0.00,ok
2026-09-27T23:12:37.046Z,Kadikoy,2026-09-28T00:00:00Z,,0.00,0.00,ok
